date,GEHC,isPartial
2010-01-01,0,False
2010-01-02,0,False
2010-01-03,0,False
2010-01-04,0,False
2010-01-05,0,False
2010-01-06,0,False
2010-01-07,0,False
2010-01-08,0,False
2010-01-09,0,False
2010-01-10,0,False
2010-01-11,0,False
2010-01-12,0,False
2010-01-13,0,False
2010-01-14,0,False
2010-01-15,0,False
2010-01-16,0,False
2010-01-17,0,False
2010-01-18,0,False
2010-01-19,0,False
2010-01-20,0,False
2010-01-21,0,False
2010-01-22,0,False
2010-01-23,0,False
2010-01-24,0,False
2010-01-25,0,False
2010-01-26,0,False
2010-01-27,0,False
2010-01-28,0,False
2010-01-29,0,False
2010-01-30,0,False
2010-01-31,0,False
2010-02-01,0,False
2010-02-02,0,False
2010-02-03,0,False
2010-02-04,0,False
2010-02-05,0,False
2010-02-06,0,False
2010-02-07,0,False
2010-02-08,0,False
2010-02-09,0,False
2010-02-10,0,False
2010-02-11,0,False
2010-02-12,0,False
2010-02-13,0,False
2010-02-14,0,False
2010-02-15,0,False
2010-02-16,0,False
2010-02-17,0,False
2010-02-18,0,False
2010-02-19,0,False
2010-02-20,0,False
2010-02-21,0,False
2010-02-22,0,False
2010-02-23,0,False
2010-02-24,0,False
2010-02-25,0,False
2010-02-26,0,False
2010-02-27,0,False
2010-02-28,0,False
2010-03-01,0,False
2010-03-02,0,False
2010-03-03,0,False
2010-03-04,0,False
2010-03-05,0,False
2010-03-06,100,False
2010-03-07,0,False
2010-03-08,0,False
2010-03-09,0,False
2010-03-10,0,False
2010-03-11,0,False
2010-03-12,0,False
2010-03-13,0,False
2010-03-14,0,False
2010-03-15,0,False
2010-03-16,0,False
2010-03-17,0,False
2010-03-18,0,False
2010-03-19,0,False
2010-03-20,0,False
2010-03-21,0,False
2010-03-22,0,False
2010-03-23,0,False
2010-03-24,0,False
2010-03-25,0,False
2010-03-26,0,False
2010-03-27,0,False
2010-03-28,0,False
2010-03-29,0,False
2010-03-30,0,False
2010-03-31,0,False
2010-04-01,0,False
2010-04-02,0,False
2010-04-03,0,False
2010-04-04,0,False
2010-04-05,0,False
2010-04-06,0,False
2010-04-07,0,False
2010-04-08,0,False
2010-04-09,0,False
2010-04-10,0,False
2010-04-11,0,False
2010-04-12,0,False
2010-04-13,0,False
2010-04-14,0,False
2010-04-15,0,False
2010-04-16,0,False
2010-04-17,0,False
2010-04-18,0,False
2010-04-19,0,False
2010-04-20,0,False
2010-04-21,0,False
2010-04-22,0,False
2010-04-23,0,False
2010-04-24,0,False
2010-04-25,0,False
2010-04-26,0,False
2010-04-27,0,False
2010-04-28,0,False
2010-04-29,0,False
2010-04-30,0,False
2010-05-01,0,False
2010-05-02,0,False
2010-05-03,0,False
2010-05-04,0,False
2010-05-05,0,False
2010-05-06,0,False
2010-05-07,0,False
2010-05-08,0,False
2010-05-09,0,False
2010-05-10,0,False
2010-05-11,0,False
2010-05-12,0,False
2010-05-13,0,False
2010-05-14,0,False
2010-05-15,0,False
2010-05-16,0,False
2010-05-17,0,False
2010-05-18,0,False
2010-05-19,0,False
2010-05-20,0,False
2010-05-21,0,False
2010-05-22,0,False
2010-05-23,0,False
2010-05-24,0,False
2010-05-25,0,False
2010-05-26,0,False
2010-05-27,0,False
2010-05-28,0,False
2010-05-29,0,False
2010-05-30,0,False
2010-05-31,0,False
2010-06-01,0,False
2010-06-02,0,False
2010-06-03,0,False
2010-06-04,0,False
2010-06-05,0,False
2010-06-06,0,False
2010-06-07,0,False
2010-06-08,0,False
2010-06-09,0,False
2010-06-10,0,False
2010-06-11,0,False
2010-06-12,0,False
2010-06-13,0,False
2010-06-14,0,False
2010-06-15,0,False
2010-06-16,0,False
2010-06-17,0,False
2010-06-18,0,False
2010-06-19,0,False
2010-06-20,0,False
2010-06-21,0,False
2010-06-22,0,False
2010-06-23,0,False
2010-06-24,0,False
2010-06-25,0,False
2010-06-26,0,False
2010-06-27,0,False
2010-06-28,0,False
2010-06-29,0,False
2010-06-30,0,False
2010-07-01,0,False
2010-07-02,0,False
2010-07-03,0,False
2010-07-04,0,False
2010-07-05,0,False
2010-07-06,0,False
2010-07-07,0,False
2010-07-08,0,False
2010-07-09,0,False
2010-07-10,0,False
2010-07-11,0,False
2010-07-12,0,False
2010-07-13,0,False
2010-07-14,0,False
2010-07-15,0,False
2010-07-16,0,False
2010-07-17,0,False
2010-07-18,0,False
2010-07-19,0,False
2010-07-20,0,False
2010-07-21,0,False
2010-07-22,0,False
2010-07-23,0,False
2010-07-24,0,False
2010-07-25,0,False
2010-07-26,0,False
2010-07-27,0,False
2010-07-28,0,False
2010-07-29,0,False
2010-07-30,0,False
2010-07-31,0,False
2010-08-01,0,False
2010-08-02,0,False
2010-08-03,0,False
2010-08-04,0,False
2010-08-05,0,False
2010-08-06,0,False
2010-08-07,0,False
2010-08-08,0,False
2010-08-09,0,False
2010-08-10,0,False
2010-08-11,0,False
2010-08-12,0,False
2010-08-13,0,False
2010-08-14,0,False
2010-08-15,0,False
2010-08-16,0,False
2010-08-17,0,False
2010-08-18,0,False
2010-08-19,0,False
2010-08-20,0,False
2010-08-21,0,False
2010-08-22,0,False
2010-08-23,0,False
2010-08-24,0,False
2010-08-25,0,False
2010-08-26,0,False
2010-08-27,0,False
2010-08-28,0,False
2010-08-29,0,False
2010-08-30,0,False
2010-08-31,0,False
2010-09-01,0,False
2010-09-02,0,False
2010-09-03,0,False
2010-09-04,0,False
2010-09-05,0,False
2010-09-06,0,False
2010-09-07,0,False
2010-09-08,0,False
2010-09-09,0,False
2010-09-10,0,False
2010-09-11,0,False
2010-09-12,0,False
2010-09-13,0,False
2010-09-14,0,False
2010-09-15,0,False
2010-09-16,0,False
2010-09-17,0,False
2010-09-18,0,False
2010-09-19,0,False
2010-09-20,0,False
2010-09-21,0,False
2010-09-22,0,False
2010-09-23,0,False
2010-09-24,0,False
2010-09-25,0,False
2010-09-26,0,False
2010-09-27,0,False
2010-09-28,100,False
2010-09-29,0,False
2010-09-30,0,False
2010-10-01,0,False
2010-10-02,0,False
2010-10-03,0,False
2010-10-04,0,False
2010-10-05,0,False
2010-10-06,0,False
2010-10-07,0,False
2010-10-08,0,False
2010-10-09,0,False
2010-10-10,0,False
2010-10-11,0,False
2010-10-12,0,False
2010-10-13,0,False
2010-10-14,0,False
2010-10-15,0,False
2010-10-16,0,False
2010-10-17,0,False
2010-10-18,0,False
2010-10-19,0,False
2010-10-20,0,False
2010-10-21,0,False
2010-10-22,0,False
2010-10-23,0,False
2010-10-24,0,False
2010-10-25,0,False
2010-10-26,0,False
2010-10-27,0,False
2010-10-28,0,False
2010-10-29,0,False
2010-10-30,0,False
2010-10-31,0,False
2010-11-01,0,False
2010-11-02,0,False
2010-11-03,0,False
2010-11-04,0,False
2010-11-05,0,False
2010-11-06,0,False
2010-11-07,0,False
2010-11-08,0,False
2010-11-09,0,False
2010-11-10,0,False
2010-11-11,0,False
2010-11-12,0,False
2010-11-13,0,False
2010-11-14,0,False
2010-11-15,0,False
2010-11-16,0,False
2010-11-17,0,False
2010-11-18,0,False
2010-11-19,0,False
2010-11-20,0,False
2010-11-21,0,False
2010-11-22,0,False
2010-11-23,0,False
2010-11-24,0,False
2010-11-25,0,False
2010-11-26,0,False
2010-11-27,0,False
2010-11-28,0,False
2010-11-29,0,False
2010-11-30,0,False
2010-12-01,0,False
2010-12-02,0,False
2010-12-03,0,False
2010-12-04,0,False
2010-12-05,0,False
2010-12-06,0,False
2010-12-07,0,False
2010-12-08,0,False
2010-12-09,0,False
2010-12-10,0,False
2010-12-11,0,False
2010-12-12,0,False
2010-12-13,0,False
2010-12-14,0,False
2010-12-15,0,False
2010-12-16,0,False
2010-12-17,0,False
2010-12-18,0,False
2010-12-19,0,False
2010-12-20,0,False
2010-12-21,0,False
2010-12-22,0,False
2010-12-23,0,False
2010-12-24,0,False
2010-12-25,0,False
2010-12-26,0,False
2010-12-27,0,False
2010-12-28,0,False
2010-12-29,0,False
2010-12-30,0,False
2010-12-31,0,False
2012-07-01,0,False
2012-07-02,0,False
2012-07-03,0,False
2012-07-04,0,False
2012-07-05,0,False
2012-07-06,0,False
2012-07-07,0,False
2012-07-08,0,False
2012-07-09,0,False
2012-07-10,0,False
2012-07-11,0,False
2012-07-12,0,False
2012-07-13,0,False
2012-07-14,0,False
2012-07-15,0,False
2012-07-16,0,False
2012-07-17,0,False
2012-07-18,0,False
2012-07-19,0,False
2012-07-20,0,False
2012-07-21,0,False
2012-07-22,0,False
2012-07-23,0,False
2012-07-24,0,False
2012-07-25,0,False
2012-07-26,0,False
2012-07-27,0,False
2012-07-28,0,False
2012-07-29,0,False
2012-07-30,0,False
2012-07-31,0,False
2012-08-01,0,False
2012-08-02,0,False
2012-08-03,0,False
2012-08-04,0,False
2012-08-05,0,False
2012-08-06,0,False
2012-08-07,0,False
2012-08-08,0,False
2012-08-09,0,False
2012-08-10,0,False
2012-08-11,0,False
2012-08-12,0,False
2012-08-13,0,False
2012-08-14,0,False
2012-08-15,0,False
2012-08-16,0,False
2012-08-17,0,False
2012-08-18,0,False
2012-08-19,0,False
2012-08-20,0,False
2012-08-21,0,False
2012-08-22,0,False
2012-08-23,0,False
2012-08-24,0,False
2012-08-25,0,False
2012-08-26,0,False
2012-08-27,0,False
2012-08-28,0,False
2012-08-29,0,False
2012-08-30,0,False
2012-08-31,0,False
2012-09-01,0,False
2012-09-02,0,False
2012-09-03,0,False
2012-09-04,0,False
2012-09-05,0,False
2012-09-06,0,False
2012-09-07,0,False
2012-09-08,0,False
2012-09-09,0,False
2012-09-10,0,False
2012-09-11,0,False
2012-09-12,0,False
2012-09-13,100,False
2012-09-14,0,False
2012-09-15,0,False
2012-09-16,0,False
2012-09-17,0,False
2012-09-18,0,False
2012-09-19,0,False
2012-09-20,0,False
2012-09-21,0,False
2012-09-22,0,False
2012-09-23,0,False
2012-09-24,0,False
2012-09-25,0,False
2012-09-26,0,False
2012-09-27,0,False
2012-09-28,0,False
2012-09-29,0,False
2012-09-30,0,False
2012-10-01,0,False
2012-10-02,0,False
2012-10-03,0,False
2012-10-04,0,False
2012-10-05,0,False
2012-10-06,0,False
2012-10-07,0,False
2012-10-08,0,False
2012-10-09,0,False
2012-10-10,0,False
2012-10-11,87,False
2012-10-12,0,False
2012-10-13,0,False
2012-10-14,0,False
2012-10-15,0,False
2012-10-16,0,False
2012-10-17,0,False
2012-10-18,0,False
2012-10-19,0,False
2012-10-20,0,False
2012-10-21,0,False
2012-10-22,0,False
2012-10-23,0,False
2012-10-24,0,False
2012-10-25,91,False
2012-10-26,0,False
2012-10-27,0,False
2012-10-28,0,False
2012-10-29,0,False
2012-10-30,0,False
2012-10-31,0,False
2012-11-01,0,False
2012-11-02,0,False
2012-11-03,0,False
2012-11-04,0,False
2012-11-05,0,False
2012-11-06,0,False
2012-11-07,0,False
2012-11-08,0,False
2012-11-09,0,False
2012-11-10,0,False
2012-11-11,0,False
2012-11-12,0,False
2012-11-13,0,False
2012-11-14,0,False
2012-11-15,0,False
2012-11-16,0,False
2012-11-17,0,False
2012-11-18,0,False
2012-11-19,0,False
2012-11-20,0,False
2012-11-21,0,False
2012-11-22,0,False
2012-11-23,0,False
2012-11-24,0,False
2012-11-25,0,False
2012-11-26,0,False
2012-11-27,0,False
2012-11-28,0,False
2012-11-29,0,False
2012-11-30,0,False
2012-12-01,0,False
2012-12-02,0,False
2012-12-03,0,False
2012-12-04,0,False
2012-12-05,0,False
2012-12-06,0,False
2012-12-07,0,False
2012-12-08,0,False
2012-12-09,0,False
2012-12-10,0,False
2012-12-11,0,False
2012-12-12,0,False
2012-12-13,0,False
2012-12-14,0,False
2012-12-15,0,False
2012-12-16,0,False
2012-12-17,0,False
2012-12-18,0,False
2012-12-19,0,False
2012-12-20,0,False
2012-12-21,0,False
2012-12-22,0,False
2012-12-23,0,False
2012-12-24,0,False
2012-12-25,0,False
2012-12-26,0,False
2012-12-27,0,False
2012-12-28,0,False
2012-12-29,0,False
2012-12-30,0,False
2012-12-31,0,False
2013-01-01,0,False
2013-01-02,0,False
2013-01-03,0,False
2013-01-04,0,False
2013-01-05,0,False
2013-01-06,0,False
2013-01-07,0,False
2013-01-08,0,False
2013-01-09,0,False
2013-01-10,0,False
2013-01-11,0,False
2013-01-12,0,False
2013-01-13,0,False
2013-01-14,0,False
2013-01-15,0,False
2013-01-16,0,False
2013-01-17,0,False
2013-01-18,0,False
2013-01-19,0,False
2013-01-20,0,False
2013-01-21,0,False
2013-01-22,0,False
2013-01-23,0,False
2013-01-24,0,False
2013-01-25,0,False
2013-01-26,0,False
2013-01-27,0,False
2013-01-28,0,False
2013-01-29,0,False
2013-01-30,0,False
2013-01-31,0,False
2013-02-01,0,False
2013-02-02,0,False
2013-02-03,0,False
2013-02-04,0,False
2013-02-05,0,False
2013-02-06,0,False
2013-02-07,0,False
2013-02-08,0,False
2013-02-09,0,False
2013-02-10,0,False
2013-02-11,0,False
2013-02-12,0,False
2013-02-13,0,False
2013-02-14,0,False
2013-02-15,0,False
2013-02-16,0,False
2013-02-17,0,False
2013-02-18,0,False
2013-02-19,0,False
2013-02-20,0,False
2013-02-21,0,False
2013-02-22,0,False
2013-02-23,0,False
2013-02-24,0,False
2013-02-25,0,False
2013-02-26,0,False
2013-02-27,0,False
2013-02-28,0,False
2013-03-01,0,False
2013-03-02,0,False
2013-03-03,0,False
2013-03-04,0,False
2013-03-05,0,False
2013-03-06,0,False
2013-03-07,0,False
2013-03-08,0,False
2013-03-09,0,False
2013-03-10,0,False
2013-03-11,0,False
2013-03-12,0,False
2013-03-13,0,False
2013-03-14,0,False
2013-03-15,0,False
2013-03-16,0,False
2013-03-17,0,False
2013-03-18,100,False
2013-03-19,0,False
2013-03-20,0,False
2013-03-21,0,False
2013-03-22,0,False
2013-03-23,0,False
2013-03-24,0,False
2013-03-25,0,False
2013-03-26,0,False
2013-03-27,0,False
2013-03-28,0,False
2013-03-29,0,False
2013-03-30,80,False
2013-03-31,0,False
2013-04-01,0,False
2013-04-02,0,False
2013-04-03,0,False
2013-04-04,0,False
2013-04-05,0,False
2013-04-06,0,False
2013-04-07,0,False
2013-04-08,0,False
2013-04-09,0,False
2013-04-10,0,False
2013-04-11,0,False
2013-04-12,0,False
2013-04-13,0,False
2013-04-14,0,False
2013-04-15,0,False
2013-04-16,0,False
2013-04-17,0,False
2013-04-18,0,False
2013-04-19,0,False
2013-04-20,0,False
2013-04-21,0,False
2013-04-22,0,False
2013-04-23,0,False
2013-04-24,0,False
2013-04-25,0,False
2013-04-26,0,False
2013-04-27,0,False
2013-04-28,0,False
2013-04-29,0,False
2013-04-30,0,False
2013-05-01,0,False
2013-05-02,0,False
2013-05-03,0,False
2013-05-04,0,False
2013-05-05,0,False
2013-05-06,0,False
2013-05-07,0,False
2013-05-08,0,False
2013-05-09,0,False
2013-05-10,0,False
2013-05-11,0,False
2013-05-12,0,False
2013-05-13,0,False
2013-05-14,0,False
2013-05-15,0,False
2013-05-16,0,False
2013-05-17,0,False
2013-05-18,0,False
2013-05-19,0,False
2013-05-20,0,False
2013-05-21,0,False
2013-05-22,0,False
2013-05-23,0,False
2013-05-24,0,False
2013-05-25,0,False
2013-05-26,0,False
2013-05-27,0,False
2013-05-28,0,False
2013-05-29,0,False
2013-05-30,0,False
2013-05-31,0,False
2013-06-01,0,False
2013-06-02,0,False
2013-06-03,0,False
2013-06-04,0,False
2013-06-05,0,False
2013-06-06,0,False
2013-06-07,0,False
2013-06-08,0,False
2013-06-09,0,False
2013-06-10,0,False
2013-06-11,0,False
2013-06-12,0,False
2013-06-13,0,False
2013-06-14,0,False
2013-06-15,0,False
2013-06-16,0,False
2013-06-17,0,False
2013-06-18,0,False
2013-06-19,0,False
2013-06-20,0,False
2013-06-21,0,False
2013-06-22,0,False
2013-06-23,0,False
2013-06-24,0,False
2013-06-25,0,False
2013-06-26,0,False
2013-06-27,0,False
2013-06-28,0,False
2013-06-29,0,False
2013-06-30,0,False
2014-07-01,0,False
2014-07-02,0,False
2014-07-03,0,False
2014-07-04,0,False
2014-07-05,0,False
2014-07-06,0,False
2014-07-07,0,False
2014-07-08,0,False
2014-07-09,0,False
2014-07-10,0,False
2014-07-11,0,False
2014-07-12,0,False
2014-07-13,0,False
2014-07-14,0,False
2014-07-15,0,False
2014-07-16,0,False
2014-07-17,0,False
2014-07-18,0,False
2014-07-19,0,False
2014-07-20,0,False
2014-07-21,0,False
2014-07-22,0,False
2014-07-23,0,False
2014-07-24,0,False
2014-07-25,0,False
2014-07-26,0,False
2014-07-27,0,False
2014-07-28,0,False
2014-07-29,0,False
2014-07-30,0,False
2014-07-31,0,False
2014-08-01,0,False
2014-08-02,0,False
2014-08-03,0,False
2014-08-04,0,False
2014-08-05,0,False
2014-08-06,0,False
2014-08-07,0,False
2014-08-08,0,False
2014-08-09,0,False
2014-08-10,0,False
2014-08-11,0,False
2014-08-12,0,False
2014-08-13,0,False
2014-08-14,0,False
2014-08-15,0,False
2014-08-16,0,False
2014-08-17,0,False
2014-08-18,0,False
2014-08-19,0,False
2014-08-20,0,False
2014-08-21,0,False
2014-08-22,0,False
2014-08-23,0,False
2014-08-24,0,False
2014-08-25,0,False
2014-08-26,0,False
2014-08-27,0,False
2014-08-28,0,False
2014-08-29,0,False
2014-08-30,100,False
2014-08-31,0,False
2014-09-01,0,False
2014-09-02,0,False
2014-09-03,0,False
2014-09-04,0,False
2014-09-05,0,False
2014-09-06,0,False
2014-09-07,0,False
2014-09-08,0,False
2014-09-09,0,False
2014-09-10,0,False
2014-09-11,0,False
2014-09-12,0,False
2014-09-13,0,False
2014-09-14,0,False
2014-09-15,0,False
2014-09-16,0,False
2014-09-17,0,False
2014-09-18,0,False
2014-09-19,0,False
2014-09-20,0,False
2014-09-21,0,False
2014-09-22,0,False
2014-09-23,0,False
2014-09-24,0,False
2014-09-25,0,False
2014-09-26,0,False
2014-09-27,0,False
2014-09-28,0,False
2014-09-29,0,False
2014-09-30,0,False
2014-10-01,0,False
2014-10-02,0,False
2014-10-03,0,False
2014-10-04,0,False
2014-10-05,0,False
2014-10-06,0,False
2014-10-07,0,False
2014-10-08,0,False
2014-10-09,0,False
2014-10-10,0,False
2014-10-11,0,False
2014-10-12,0,False
2014-10-13,0,False
2014-10-14,0,False
2014-10-15,0,False
2014-10-16,0,False
2014-10-17,0,False
2014-10-18,0,False
2014-10-19,0,False
2014-10-20,0,False
2014-10-21,0,False
2014-10-22,0,False
2014-10-23,0,False
2014-10-24,0,False
2014-10-25,0,False
2014-10-26,0,False
2014-10-27,0,False
2014-10-28,0,False
2014-10-29,0,False
2014-10-30,0,False
2014-10-31,0,False
2014-11-01,0,False
2014-11-02,0,False
2014-11-03,0,False
2014-11-04,0,False
2014-11-05,0,False
2014-11-06,0,False
2014-11-07,0,False
2014-11-08,0,False
2014-11-09,0,False
2014-11-10,0,False
2014-11-11,0,False
2014-11-12,0,False
2014-11-13,0,False
2014-11-14,0,False
2014-11-15,0,False
2014-11-16,0,False
2014-11-17,0,False
2014-11-18,0,False
2014-11-19,0,False
2014-11-20,0,False
2014-11-21,0,False
2014-11-22,0,False
2014-11-23,0,False
2014-11-24,0,False
2014-11-25,0,False
2014-11-26,0,False
2014-11-27,0,False
2014-11-28,0,False
2014-11-29,0,False
2014-11-30,0,False
2014-12-01,0,False
2014-12-02,0,False
2014-12-03,0,False
2014-12-04,0,False
2014-12-05,0,False
2014-12-06,0,False
2014-12-07,0,False
2014-12-08,0,False
2014-12-09,0,False
2014-12-10,0,False
2014-12-11,0,False
2014-12-12,0,False
2014-12-13,0,False
2014-12-14,0,False
2014-12-15,0,False
2014-12-16,0,False
2014-12-17,0,False
2014-12-18,0,False
2014-12-19,0,False
2014-12-20,0,False
2014-12-21,0,False
2014-12-22,0,False
2014-12-23,0,False
2014-12-24,0,False
2014-12-25,0,False
2014-12-26,79,False
2014-12-27,0,False
2014-12-28,0,False
2014-12-29,0,False
2014-12-30,0,False
2014-12-31,0,False
2015-01-01,0,False
2015-01-02,100,False
2015-01-03,0,False
2015-01-04,0,False
2015-01-05,0,False
2015-01-06,0,False
2015-01-07,0,False
2015-01-08,0,False
2015-01-09,0,False
2015-01-10,0,False
2015-01-11,0,False
2015-01-12,0,False
2015-01-13,0,False
2015-01-14,0,False
2015-01-15,0,False
2015-01-16,0,False
2015-01-17,0,False
2015-01-18,0,False
2015-01-19,0,False
2015-01-20,0,False
2015-01-21,0,False
2015-01-22,0,False
2015-01-23,0,False
2015-01-24,0,False
2015-01-25,0,False
2015-01-26,0,False
2015-01-27,0,False
2015-01-28,0,False
2015-01-29,0,False
2015-01-30,0,False
2015-01-31,0,False
2015-02-01,0,False
2015-02-02,0,False
2015-02-03,0,False
2015-02-04,0,False
2015-02-05,0,False
2015-02-06,0,False
2015-02-07,0,False
2015-02-08,0,False
2015-02-09,0,False
2015-02-10,0,False
2015-02-11,0,False
2015-02-12,0,False
2015-02-13,0,False
2015-02-14,0,False
2015-02-15,0,False
2015-02-16,0,False
2015-02-17,0,False
2015-02-18,0,False
2015-02-19,0,False
2015-02-20,0,False
2015-02-21,0,False
2015-02-22,0,False
2015-02-23,0,False
2015-02-24,0,False
2015-02-25,0,False
2015-02-26,0,False
2015-02-27,0,False
2015-02-28,0,False
2015-03-01,0,False
2015-03-02,0,False
2015-03-03,0,False
2015-03-04,0,False
2015-03-05,0,False
2015-03-06,0,False
2015-03-07,0,False
2015-03-08,0,False
2015-03-09,0,False
2015-03-10,0,False
2015-03-11,0,False
2015-03-12,0,False
2015-03-13,0,False
2015-03-14,0,False
2015-03-15,0,False
2015-03-16,0,False
2015-03-17,0,False
2015-03-18,0,False
2015-03-19,0,False
2015-03-20,0,False
2015-03-21,0,False
2015-03-22,0,False
2015-03-23,0,False
2015-03-24,0,False
2015-03-25,0,False
2015-03-26,0,False
2015-03-27,0,False
2015-03-28,0,False
2015-03-29,0,False
2015-03-30,0,False
2015-03-31,0,False
2015-04-01,0,False
2015-04-02,0,False
2015-04-03,0,False
2015-04-04,0,False
2015-04-05,0,False
2015-04-06,0,False
2015-04-07,0,False
2015-04-08,0,False
2015-04-09,0,False
2015-04-10,0,False
2015-04-11,0,False
2015-04-12,0,False
2015-04-13,0,False
2015-04-14,0,False
2015-04-15,0,False
2015-04-16,0,False
2015-04-17,0,False
2015-04-18,0,False
2015-04-19,0,False
2015-04-20,0,False
2015-04-21,0,False
2015-04-22,0,False
2015-04-23,0,False
2015-04-24,0,False
2015-04-25,0,False
2015-04-26,0,False
2015-04-27,0,False
2015-04-28,0,False
2015-04-29,0,False
2015-04-30,0,False
2015-05-01,0,False
2015-05-02,0,False
2015-05-03,0,False
2015-05-04,0,False
2015-05-05,0,False
2015-05-06,0,False
2015-05-07,0,False
2015-05-08,0,False
2015-05-09,0,False
2015-05-10,0,False
2015-05-11,0,False
2015-05-12,0,False
2015-05-13,0,False
2015-05-14,0,False
2015-05-15,0,False
2015-05-16,0,False
2015-05-17,0,False
2015-05-18,0,False
2015-05-19,0,False
2015-05-20,0,False
2015-05-21,0,False
2015-05-22,0,False
2015-05-23,0,False
2015-05-24,0,False
2015-05-25,0,False
2015-05-26,0,False
2015-05-27,0,False
2015-05-28,0,False
2015-05-29,0,False
2015-05-30,0,False
2015-05-31,0,False
2015-06-01,0,False
2015-06-02,0,False
2015-06-03,0,False
2015-06-04,0,False
2015-06-05,0,False
2015-06-06,0,False
2015-06-07,0,False
2015-06-08,0,False
2015-06-09,0,False
2015-06-10,0,False
2015-06-11,0,False
2015-06-12,0,False
2015-06-13,0,False
2015-06-14,0,False
2015-06-15,0,False
2015-06-16,0,False
2015-06-17,0,False
2015-06-18,0,False
2015-06-19,0,False
2015-06-20,0,False
2015-06-21,0,False
2015-06-22,0,False
2015-06-23,0,False
2015-06-24,0,False
2015-06-25,0,False
2015-06-26,0,False
2015-06-27,0,False
2015-06-28,0,False
2015-06-29,0,False
2015-06-30,0,False
2016-01-01,0,False
2016-01-02,0,False
2016-01-03,0,False
2016-01-04,0,False
2016-01-05,0,False
2016-01-06,0,False
2016-01-07,0,False
2016-01-08,0,False
2016-01-09,0,False
2016-01-10,0,False
2016-01-11,0,False
2016-01-12,0,False
2016-01-13,0,False
2016-01-14,0,False
2016-01-15,0,False
2016-01-16,0,False
2016-01-17,0,False
2016-01-18,0,False
2016-01-19,0,False
2016-01-20,0,False
2016-01-21,0,False
2016-01-22,0,False
2016-01-23,0,False
2016-01-24,0,False
2016-01-25,0,False
2016-01-26,0,False
2016-01-27,0,False
2016-01-28,0,False
2016-01-29,0,False
2016-01-30,0,False
2016-01-31,0,False
2016-02-01,0,False
2016-02-02,0,False
2016-02-03,0,False
2016-02-04,0,False
2016-02-05,0,False
2016-02-06,0,False
2016-02-07,0,False
2016-02-08,0,False
2016-02-09,0,False
2016-02-10,0,False
2016-02-11,0,False
2016-02-12,0,False
2016-02-13,0,False
2016-02-14,0,False
2016-02-15,0,False
2016-02-16,0,False
2016-02-17,0,False
2016-02-18,0,False
2016-02-19,0,False
2016-02-20,0,False
2016-02-21,0,False
2016-02-22,0,False
2016-02-23,0,False
2016-02-24,0,False
2016-02-25,0,False
2016-02-26,0,False
2016-02-27,0,False
2016-02-28,0,False
2016-02-29,0,False
2016-03-01,0,False
2016-03-02,0,False
2016-03-03,0,False
2016-03-04,0,False
2016-03-05,0,False
2016-03-06,0,False
2016-03-07,0,False
2016-03-08,0,False
2016-03-09,0,False
2016-03-10,0,False
2016-03-11,0,False
2016-03-12,0,False
2016-03-13,0,False
2016-03-14,0,False
2016-03-15,0,False
2016-03-16,0,False
2016-03-17,0,False
2016-03-18,0,False
2016-03-19,0,False
2016-03-20,0,False
2016-03-21,0,False
2016-03-22,0,False
2016-03-23,0,False
2016-03-24,0,False
2016-03-25,0,False
2016-03-26,0,False
2016-03-27,0,False
2016-03-28,0,False
2016-03-29,0,False
2016-03-30,0,False
2016-03-31,0,False
2016-04-01,0,False
2016-04-02,0,False
2016-04-03,0,False
2016-04-04,0,False
2016-04-05,0,False
2016-04-06,0,False
2016-04-07,0,False
2016-04-08,0,False
2016-04-09,0,False
2016-04-10,0,False
2016-04-11,0,False
2016-04-12,0,False
2016-04-13,0,False
2016-04-14,0,False
2016-04-15,0,False
2016-04-16,0,False
2016-04-17,0,False
2016-04-18,0,False
2016-04-19,0,False
2016-04-20,0,False
2016-04-21,0,False
2016-04-22,0,False
2016-04-23,0,False
2016-04-24,0,False
2016-04-25,0,False
2016-04-26,0,False
2016-04-27,0,False
2016-04-28,0,False
2016-04-29,0,False
2016-04-30,0,False
2016-05-01,0,False
2016-05-02,0,False
2016-05-03,0,False
2016-05-04,0,False
2016-05-05,0,False
2016-05-06,0,False
2016-05-07,0,False
2016-05-08,0,False
2016-05-09,0,False
2016-05-10,0,False
2016-05-11,0,False
2016-05-12,0,False
2016-05-13,0,False
2016-05-14,0,False
2016-05-15,0,False
2016-05-16,0,False
2016-05-17,0,False
2016-05-18,0,False
2016-05-19,0,False
2016-05-20,0,False
2016-05-21,0,False
2016-05-22,0,False
2016-05-23,0,False
2016-05-24,0,False
2016-05-25,0,False
2016-05-26,0,False
2016-05-27,0,False
2016-05-28,0,False
2016-05-29,0,False
2016-05-30,0,False
2016-05-31,0,False
2016-06-01,0,False
2016-06-02,0,False
2016-06-03,0,False
2016-06-04,0,False
2016-06-05,0,False
2016-06-06,0,False
2016-06-07,0,False
2016-06-08,0,False
2016-06-09,0,False
2016-06-10,0,False
2016-06-11,0,False
2016-06-12,0,False
2016-06-13,0,False
2016-06-14,0,False
2016-06-15,0,False
2016-06-16,0,False
2016-06-17,0,False
2016-06-18,0,False
2016-06-19,100,False
2016-06-20,0,False
2016-06-21,0,False
2016-06-22,0,False
2016-06-23,0,False
2016-06-24,0,False
2016-06-25,0,False
2016-06-26,0,False
2016-06-27,0,False
2016-06-28,0,False
2016-06-29,0,False
2016-06-30,0,False
2016-07-01,0,False
2016-07-02,0,False
2016-07-03,0,False
2016-07-04,0,False
2016-07-05,0,False
2016-07-06,0,False
2016-07-07,0,False
2016-07-08,0,False
2016-07-09,0,False
2016-07-10,0,False
2016-07-11,0,False
2016-07-12,0,False
2016-07-13,0,False
2016-07-14,0,False
2016-07-15,0,False
2016-07-16,97,False
2016-07-17,0,False
2016-07-18,0,False
2016-07-19,0,False
2016-07-20,0,False
2016-07-21,0,False
2016-07-22,0,False
2016-07-23,0,False
2016-07-24,0,False
2016-07-25,0,False
2016-07-26,0,False
2016-07-27,0,False
2016-07-28,0,False
2016-07-29,0,False
2016-07-30,0,False
2016-07-31,0,False
2016-08-01,0,False
2016-08-02,0,False
2016-08-03,0,False
2016-08-04,0,False
2016-08-05,0,False
2016-08-06,0,False
2016-08-07,0,False
2016-08-08,0,False
2016-08-09,0,False
2016-08-10,0,False
2016-08-11,0,False
2016-08-12,0,False
2016-08-13,0,False
2016-08-14,0,False
2016-08-15,0,False
2016-08-16,0,False
2016-08-17,0,False
2016-08-18,0,False
2016-08-19,0,False
2016-08-20,0,False
2016-08-21,0,False
2016-08-22,0,False
2016-08-23,0,False
2016-08-24,0,False
2016-08-25,0,False
2016-08-26,0,False
2016-08-27,0,False
2016-08-28,0,False
2016-08-29,0,False
2016-08-30,0,False
2016-08-31,0,False
2016-09-01,0,False
2016-09-02,0,False
2016-09-03,0,False
2016-09-04,0,False
2016-09-05,0,False
2016-09-06,0,False
2016-09-07,0,False
2016-09-08,0,False
2016-09-09,0,False
2016-09-10,0,False
2016-09-11,0,False
2016-09-12,0,False
2016-09-13,0,False
2016-09-14,0,False
2016-09-15,0,False
2016-09-16,0,False
2016-09-17,0,False
2016-09-18,0,False
2016-09-19,0,False
2016-09-20,0,False
2016-09-21,0,False
2016-09-22,0,False
2016-09-23,0,False
2016-09-24,0,False
2016-09-25,0,False
2016-09-26,0,False
2016-09-27,0,False
2016-09-28,0,False
2016-09-29,0,False
2016-09-30,0,False
2016-10-01,0,False
2016-10-02,0,False
2016-10-03,0,False
2016-10-04,0,False
2016-10-05,0,False
2016-10-06,0,False
2016-10-07,0,False
2016-10-08,0,False
2016-10-09,0,False
2016-10-10,0,False
2016-10-11,0,False
2016-10-12,0,False
2016-10-13,0,False
2016-10-14,0,False
2016-10-15,0,False
2016-10-16,0,False
2016-10-17,0,False
2016-10-18,0,False
2016-10-19,0,False
2016-10-20,0,False
2016-10-21,0,False
2016-10-22,0,False
2016-10-23,0,False
2016-10-24,0,False
2016-10-25,0,False
2016-10-26,0,False
2016-10-27,0,False
2016-10-28,0,False
2016-10-29,0,False
2016-10-30,0,False
2016-10-31,0,False
2016-11-01,0,False
2016-11-02,0,False
2016-11-03,0,False
2016-11-04,0,False
2016-11-05,0,False
2016-11-06,0,False
2016-11-07,0,False
2016-11-08,75,False
2016-11-09,0,False
2016-11-10,0,False
2016-11-11,0,False
2016-11-12,0,False
2016-11-13,0,False
2016-11-14,0,False
2016-11-15,0,False
2016-11-16,0,False
2016-11-17,0,False
2016-11-18,0,False
2016-11-19,0,False
2016-11-20,0,False
2016-11-21,0,False
2016-11-22,0,False
2016-11-23,0,False
2016-11-24,0,False
2016-11-25,0,False
2016-11-26,0,False
2016-11-27,0,False
2016-11-28,0,False
2016-11-29,0,False
2016-11-30,0,False
2016-12-01,0,False
2016-12-02,0,False
2016-12-03,0,False
2016-12-04,0,False
2016-12-05,0,False
2016-12-06,0,False
2016-12-07,0,False
2016-12-08,0,False
2016-12-09,0,False
2016-12-10,0,False
2016-12-11,0,False
2016-12-12,0,False
2016-12-13,0,False
2016-12-14,0,False
2016-12-15,0,False
2016-12-16,100,False
2016-12-17,0,False
2016-12-18,0,False
2016-12-19,0,False
2016-12-20,0,False
2016-12-21,0,False
2016-12-22,0,False
2016-12-23,0,False
2016-12-24,0,False
2016-12-25,0,False
2016-12-26,0,False
2016-12-27,0,False
2016-12-28,0,False
2016-12-29,0,False
2016-12-30,0,False
2016-12-31,0,False
2017-01-01,0,False
2017-01-02,0,False
2017-01-03,0,False
2017-01-04,0,False
2017-01-05,0,False
2017-01-06,0,False
2017-01-07,0,False
2017-01-08,0,False
2017-01-09,0,False
2017-01-10,0,False
2017-01-11,0,False
2017-01-12,0,False
2017-01-13,0,False
2017-01-14,0,False
2017-01-15,0,False
2017-01-16,0,False
2017-01-17,0,False
2017-01-18,0,False
2017-01-19,0,False
2017-01-20,0,False
2017-01-21,0,False
2017-01-22,0,False
2017-01-23,0,False
2017-01-24,0,False
2017-01-25,0,False
2017-01-26,0,False
2017-01-27,0,False
2017-01-28,0,False
2017-01-29,0,False
2017-01-30,0,False
2017-01-31,0,False
2017-02-01,0,False
2017-02-02,0,False
2017-02-03,0,False
2017-02-04,0,False
2017-02-05,0,False
2017-02-06,0,False
2017-02-07,0,False
2017-02-08,0,False
2017-02-09,0,False
2017-02-10,0,False
2017-02-11,0,False
2017-02-12,0,False
2017-02-13,0,False
2017-02-14,0,False
2017-02-15,0,False
2017-02-16,0,False
2017-02-17,0,False
2017-02-18,0,False
2017-02-19,0,False
2017-02-20,0,False
2017-02-21,0,False
2017-02-22,0,False
2017-02-23,0,False
2017-02-24,0,False
2017-02-25,0,False
2017-02-26,0,False
2017-02-27,0,False
2017-02-28,0,False
2017-03-01,0,False
2017-03-02,0,False
2017-03-03,0,False
2017-03-04,0,False
2017-03-05,0,False
2017-03-06,0,False
2017-03-07,0,False
2017-03-08,0,False
2017-03-09,0,False
2017-03-10,0,False
2017-03-11,0,False
2017-03-12,0,False
2017-03-13,0,False
2017-03-14,0,False
2017-03-15,0,False
2017-03-16,0,False
2017-03-17,0,False
2017-03-18,0,False
2017-03-19,0,False
2017-03-20,0,False
2017-03-21,0,False
2017-03-22,0,False
2017-03-23,0,False
2017-03-24,0,False
2017-03-25,0,False
2017-03-26,0,False
2017-03-27,0,False
2017-03-28,0,False
2017-03-29,0,False
2017-03-30,0,False
2017-03-31,0,False
2017-04-01,0,False
2017-04-02,100,False
2017-04-03,0,False
2017-04-04,0,False
2017-04-05,0,False
2017-04-06,0,False
2017-04-07,0,False
2017-04-08,0,False
2017-04-09,0,False
2017-04-10,0,False
2017-04-11,0,False
2017-04-12,0,False
2017-04-13,0,False
2017-04-14,0,False
2017-04-15,0,False
2017-04-16,0,False
2017-04-17,0,False
2017-04-18,0,False
2017-04-19,0,False
2017-04-20,0,False
2017-04-21,0,False
2017-04-22,0,False
2017-04-23,0,False
2017-04-24,0,False
2017-04-25,0,False
2017-04-26,0,False
2017-04-27,0,False
2017-04-28,0,False
2017-04-29,0,False
2017-04-30,0,False
2017-05-01,0,False
2017-05-02,0,False
2017-05-03,0,False
2017-05-04,0,False
2017-05-05,0,False
2017-05-06,0,False
2017-05-07,0,False
2017-05-08,0,False
2017-05-09,0,False
2017-05-10,0,False
2017-05-11,0,False
2017-05-12,0,False
2017-05-13,0,False
2017-05-14,0,False
2017-05-15,0,False
2017-05-16,0,False
2017-05-17,0,False
2017-05-18,0,False
2017-05-19,0,False
2017-05-20,0,False
2017-05-21,0,False
2017-05-22,0,False
2017-05-23,0,False
2017-05-24,0,False
2017-05-25,0,False
2017-05-26,0,False
2017-05-27,0,False
2017-05-28,0,False
2017-05-29,0,False
2017-05-30,0,False
2017-05-31,0,False
2017-06-01,0,False
2017-06-02,0,False
2017-06-03,0,False
2017-06-04,0,False
2017-06-05,0,False
2017-06-06,0,False
2017-06-07,0,False
2017-06-08,0,False
2017-06-09,0,False
2017-06-10,0,False
2017-06-11,0,False
2017-06-12,0,False
2017-06-13,0,False
2017-06-14,0,False
2017-06-15,0,False
2017-06-16,0,False
2017-06-17,0,False
2017-06-18,0,False
2017-06-19,0,False
2017-06-20,0,False
2017-06-21,0,False
2017-06-22,0,False
2017-06-23,0,False
2017-06-24,0,False
2017-06-25,0,False
2017-06-26,0,False
2017-06-27,0,False
2017-06-28,0,False
2017-06-29,0,False
2017-06-30,0,False
2018-01-01,0,False
2018-01-02,0,False
2018-01-03,0,False
2018-01-04,0,False
2018-01-05,0,False
2018-01-06,0,False
2018-01-07,0,False
2018-01-08,0,False
2018-01-09,0,False
2018-01-10,0,False
2018-01-11,0,False
2018-01-12,0,False
2018-01-13,0,False
2018-01-14,0,False
2018-01-15,0,False
2018-01-16,0,False
2018-01-17,0,False
2018-01-18,0,False
2018-01-19,0,False
2018-01-20,0,False
2018-01-21,0,False
2018-01-22,0,False
2018-01-23,0,False
2018-01-24,0,False
2018-01-25,0,False
2018-01-26,0,False
2018-01-27,0,False
2018-01-28,0,False
2018-01-29,0,False
2018-01-30,0,False
2018-01-31,0,False
2018-02-01,0,False
2018-02-02,0,False
2018-02-03,0,False
2018-02-04,0,False
2018-02-05,0,False
2018-02-06,0,False
2018-02-07,0,False
2018-02-08,0,False
2018-02-09,0,False
2018-02-10,0,False
2018-02-11,0,False
2018-02-12,0,False
2018-02-13,100,False
2018-02-14,0,False
2018-02-15,0,False
2018-02-16,0,False
2018-02-17,0,False
2018-02-18,0,False
2018-02-19,0,False
2018-02-20,0,False
2018-02-21,0,False
2018-02-22,0,False
2018-02-23,0,False
2018-02-24,0,False
2018-02-25,0,False
2018-02-26,0,False
2018-02-27,0,False
2018-02-28,0,False
2018-03-01,0,False
2018-03-02,0,False
2018-03-03,0,False
2018-03-04,0,False
2018-03-05,0,False
2018-03-06,0,False
2018-03-07,0,False
2018-03-08,0,False
2018-03-09,0,False
2018-03-10,0,False
2018-03-11,0,False
2018-03-12,0,False
2018-03-13,0,False
2018-03-14,0,False
2018-03-15,0,False
2018-03-16,0,False
2018-03-17,0,False
2018-03-18,0,False
2018-03-19,0,False
2018-03-20,0,False
2018-03-21,0,False
2018-03-22,0,False
2018-03-23,0,False
2018-03-24,0,False
2018-03-25,0,False
2018-03-26,0,False
2018-03-27,0,False
2018-03-28,0,False
2018-03-29,0,False
2018-03-30,0,False
2018-03-31,0,False
2018-04-01,0,False
2018-04-02,0,False
2018-04-03,0,False
2018-04-04,0,False
2018-04-05,0,False
2018-04-06,0,False
2018-04-07,0,False
2018-04-08,0,False
2018-04-09,0,False
2018-04-10,0,False
2018-04-11,0,False
2018-04-12,0,False
2018-04-13,0,False
2018-04-14,0,False
2018-04-15,0,False
2018-04-16,0,False
2018-04-17,0,False
2018-04-18,0,False
2018-04-19,0,False
2018-04-20,0,False
2018-04-21,0,False
2018-04-22,0,False
2018-04-23,0,False
2018-04-24,0,False
2018-04-25,0,False
2018-04-26,0,False
2018-04-27,0,False
2018-04-28,0,False
2018-04-29,0,False
2018-04-30,0,False
2018-05-01,0,False
2018-05-02,0,False
2018-05-03,0,False
2018-05-04,0,False
2018-05-05,0,False
2018-05-06,0,False
2018-05-07,0,False
2018-05-08,0,False
2018-05-09,0,False
2018-05-10,0,False
2018-05-11,0,False
2018-05-12,0,False
2018-05-13,0,False
2018-05-14,0,False
2018-05-15,0,False
2018-05-16,0,False
2018-05-17,0,False
2018-05-18,0,False
2018-05-19,0,False
2018-05-20,0,False
2018-05-21,0,False
2018-05-22,0,False
2018-05-23,0,False
2018-05-24,0,False
2018-05-25,0,False
2018-05-26,0,False
2018-05-27,0,False
2018-05-28,0,False
2018-05-29,0,False
2018-05-30,0,False
2018-05-31,0,False
2018-06-01,0,False
2018-06-02,0,False
2018-06-03,0,False
2018-06-04,0,False
2018-06-05,66,False
2018-06-06,0,False
2018-06-07,0,False
2018-06-08,0,False
2018-06-09,0,False
2018-06-10,0,False
2018-06-11,0,False
2018-06-12,0,False
2018-06-13,0,False
2018-06-14,0,False
2018-06-15,0,False
2018-06-16,0,False
2018-06-17,0,False
2018-06-18,0,False
2018-06-19,0,False
2018-06-20,0,False
2018-06-21,0,False
2018-06-22,61,False
2018-06-23,0,False
2018-06-24,0,False
2018-06-25,0,False
2018-06-26,0,False
2018-06-27,0,False
2018-06-28,0,False
2018-06-29,0,False
2018-06-30,0,False
2018-07-01,0,False
2018-07-02,0,False
2018-07-03,0,False
2018-07-04,0,False
2018-07-05,0,False
2018-07-06,0,False
2018-07-07,0,False
2018-07-08,0,False
2018-07-09,0,False
2018-07-10,0,False
2018-07-11,0,False
2018-07-12,0,False
2018-07-13,0,False
2018-07-14,0,False
2018-07-15,0,False
2018-07-16,0,False
2018-07-17,0,False
2018-07-18,0,False
2018-07-19,0,False
2018-07-20,0,False
2018-07-21,0,False
2018-07-22,0,False
2018-07-23,0,False
2018-07-24,0,False
2018-07-25,0,False
2018-07-26,0,False
2018-07-27,0,False
2018-07-28,0,False
2018-07-29,0,False
2018-07-30,0,False
2018-07-31,0,False
2018-08-01,0,False
2018-08-02,0,False
2018-08-03,0,False
2018-08-04,0,False
2018-08-05,81,False
2018-08-06,0,False
2018-08-07,0,False
2018-08-08,0,False
2018-08-09,0,False
2018-08-10,0,False
2018-08-11,0,False
2018-08-12,0,False
2018-08-13,0,False
2018-08-14,0,False
2018-08-15,0,False
2018-08-16,0,False
2018-08-17,0,False
2018-08-18,0,False
2018-08-19,0,False
2018-08-20,0,False
2018-08-21,0,False
2018-08-22,0,False
2018-08-23,0,False
2018-08-24,0,False
2018-08-25,0,False
2018-08-26,0,False
2018-08-27,0,False
2018-08-28,0,False
2018-08-29,0,False
2018-08-30,0,False
2018-08-31,0,False
2018-09-01,0,False
2018-09-02,0,False
2018-09-03,0,False
2018-09-04,0,False
2018-09-05,0,False
2018-09-06,0,False
2018-09-07,0,False
2018-09-08,0,False
2018-09-09,0,False
2018-09-10,0,False
2018-09-11,0,False
2018-09-12,0,False
2018-09-13,0,False
2018-09-14,0,False
2018-09-15,0,False
2018-09-16,0,False
2018-09-17,0,False
2018-09-18,0,False
2018-09-19,0,False
2018-09-20,0,False
2018-09-21,0,False
2018-09-22,0,False
2018-09-23,0,False
2018-09-24,0,False
2018-09-25,0,False
2018-09-26,0,False
2018-09-27,0,False
2018-09-28,0,False
2018-09-29,0,False
2018-09-30,0,False
2018-10-01,0,False
2018-10-02,0,False
2018-10-03,0,False
2018-10-04,0,False
2018-10-05,0,False
2018-10-06,0,False
2018-10-07,0,False
2018-10-08,0,False
2018-10-09,0,False
2018-10-10,0,False
2018-10-11,0,False
2018-10-12,0,False
2018-10-13,0,False
2018-10-14,0,False
2018-10-15,100,False
2018-10-16,0,False
2018-10-17,0,False
2018-10-18,0,False
2018-10-19,0,False
2018-10-20,0,False
2018-10-21,0,False
2018-10-22,0,False
2018-10-23,0,False
2018-10-24,0,False
2018-10-25,0,False
2018-10-26,0,False
2018-10-27,0,False
2018-10-28,0,False
2018-10-29,0,False
2018-10-30,0,False
2018-10-31,0,False
2018-11-01,0,False
2018-11-02,0,False
2018-11-03,0,False
2018-11-04,0,False
2018-11-05,0,False
2018-11-06,0,False
2018-11-07,0,False
2018-11-08,0,False
2018-11-09,0,False
2018-11-10,0,False
2018-11-11,0,False
2018-11-12,0,False
2018-11-13,0,False
2018-11-14,0,False
2018-11-15,0,False
2018-11-16,0,False
2018-11-17,0,False
2018-11-18,0,False
2018-11-19,0,False
2018-11-20,0,False
2018-11-21,0,False
2018-11-22,0,False
2018-11-23,0,False
2018-11-24,0,False
2018-11-25,0,False
2018-11-26,0,False
2018-11-27,0,False
2018-11-28,0,False
2018-11-29,0,False
2018-11-30,0,False
2018-12-01,0,False
2018-12-02,0,False
2018-12-03,0,False
2018-12-04,0,False
2018-12-05,0,False
2018-12-06,0,False
2018-12-07,0,False
2018-12-08,0,False
2018-12-09,0,False
2018-12-10,0,False
2018-12-11,0,False
2018-12-12,0,False
2018-12-13,0,False
2018-12-14,0,False
2018-12-15,0,False
2018-12-16,0,False
2018-12-17,0,False
2018-12-18,0,False
2018-12-19,0,False
2018-12-20,0,False
2018-12-21,0,False
2018-12-22,0,False
2018-12-23,0,False
2018-12-24,0,False
2018-12-25,0,False
2018-12-26,0,False
2018-12-27,0,False
2018-12-28,0,False
2018-12-29,0,False
2018-12-30,0,False
2018-12-31,0,False
2019-01-01,0,False
2019-01-02,0,False
2019-01-03,0,False
2019-01-04,0,False
2019-01-05,0,False
2019-01-06,0,False
2019-01-07,0,False
2019-01-08,0,False
2019-01-09,0,False
2019-01-10,0,False
2019-01-11,0,False
2019-01-12,0,False
2019-01-13,0,False
2019-01-14,0,False
2019-01-15,0,False
2019-01-16,0,False
2019-01-17,0,False
2019-01-18,0,False
2019-01-19,0,False
2019-01-20,0,False
2019-01-21,0,False
2019-01-22,0,False
2019-01-23,0,False
2019-01-24,0,False
2019-01-25,0,False
2019-01-26,0,False
2019-01-27,0,False
2019-01-28,0,False
2019-01-29,0,False
2019-01-30,0,False
2019-01-31,0,False
2019-02-01,0,False
2019-02-02,0,False
2019-02-03,0,False
2019-02-04,0,False
2019-02-05,0,False
2019-02-06,0,False
2019-02-07,0,False
2019-02-08,0,False
2019-02-09,0,False
2019-02-10,0,False
2019-02-11,0,False
2019-02-12,0,False
2019-02-13,0,False
2019-02-14,0,False
2019-02-15,0,False
2019-02-16,0,False
2019-02-17,0,False
2019-02-18,0,False
2019-02-19,0,False
2019-02-20,0,False
2019-02-21,0,False
2019-02-22,0,False
2019-02-23,0,False
2019-02-24,0,False
2019-02-25,0,False
2019-02-26,0,False
2019-02-27,0,False
2019-02-28,0,False
2019-03-01,0,False
2019-03-02,0,False
2019-03-03,0,False
2019-03-04,0,False
2019-03-05,0,False
2019-03-06,0,False
2019-03-07,0,False
2019-03-08,0,False
2019-03-09,0,False
2019-03-10,0,False
2019-03-11,0,False
2019-03-12,0,False
2019-03-13,0,False
2019-03-14,0,False
2019-03-15,0,False
2019-03-16,0,False
2019-03-17,0,False
2019-03-18,0,False
2019-03-19,0,False
2019-03-20,0,False
2019-03-21,0,False
2019-03-22,0,False
2019-03-23,0,False
2019-03-24,0,False
2019-03-25,0,False
2019-03-26,0,False
2019-03-27,0,False
2019-03-28,0,False
2019-03-29,0,False
2019-03-30,0,False
2019-03-31,0,False
2019-04-01,0,False
2019-04-02,0,False
2019-04-03,0,False
2019-04-04,0,False
2019-04-05,0,False
2019-04-06,0,False
2019-04-07,0,False
2019-04-08,0,False
2019-04-09,0,False
2019-04-10,0,False
2019-04-11,0,False
2019-04-12,0,False
2019-04-13,0,False
2019-04-14,0,False
2019-04-15,0,False
2019-04-16,0,False
2019-04-17,0,False
2019-04-18,0,False
2019-04-19,0,False
2019-04-20,0,False
2019-04-21,0,False
2019-04-22,0,False
2019-04-23,0,False
2019-04-24,0,False
2019-04-25,0,False
2019-04-26,0,False
2019-04-27,0,False
2019-04-28,0,False
2019-04-29,0,False
2019-04-30,0,False
2019-05-01,0,False
2019-05-02,0,False
2019-05-03,0,False
2019-05-04,0,False
2019-05-05,0,False
2019-05-06,0,False
2019-05-07,100,False
2019-05-08,0,False
2019-05-09,0,False
2019-05-10,0,False
2019-05-11,0,False
2019-05-12,0,False
2019-05-13,0,False
2019-05-14,0,False
2019-05-15,0,False
2019-05-16,0,False
2019-05-17,0,False
2019-05-18,0,False
2019-05-19,0,False
2019-05-20,0,False
2019-05-21,0,False
2019-05-22,0,False
2019-05-23,0,False
2019-05-24,0,False
2019-05-25,0,False
2019-05-26,0,False
2019-05-27,0,False
2019-05-28,0,False
2019-05-29,0,False
2019-05-30,0,False
2019-05-31,0,False
2019-06-01,0,False
2019-06-02,0,False
2019-06-03,0,False
2019-06-04,0,False
2019-06-05,0,False
2019-06-06,0,False
2019-06-07,0,False
2019-06-08,0,False
2019-06-09,0,False
2019-06-10,0,False
2019-06-11,0,False
2019-06-12,0,False
2019-06-13,0,False
2019-06-14,0,False
2019-06-15,0,False
2019-06-16,0,False
2019-06-17,0,False
2019-06-18,0,False
2019-06-19,0,False
2019-06-20,0,False
2019-06-21,0,False
2019-06-22,0,False
2019-06-23,0,False
2019-06-24,0,False
2019-06-25,0,False
2019-06-26,0,False
2019-06-27,0,False
2019-06-28,0,False
2019-06-29,0,False
2019-06-30,0,False
2019-07-01,0,False
2019-07-02,0,False
2019-07-03,0,False
2019-07-04,0,False
2019-07-05,0,False
2019-07-06,0,False
2019-07-07,0,False
2019-07-08,0,False
2019-07-09,0,False
2019-07-10,0,False
2019-07-11,0,False
2019-07-12,0,False
2019-07-13,0,False
2019-07-14,0,False
2019-07-15,0,False
2019-07-16,0,False
2019-07-17,0,False
2019-07-18,0,False
2019-07-19,0,False
2019-07-20,0,False
2019-07-21,0,False
2019-07-22,0,False
2019-07-23,0,False
2019-07-24,0,False
2019-07-25,0,False
2019-07-26,0,False
2019-07-27,0,False
2019-07-28,0,False
2019-07-29,0,False
2019-07-30,0,False
2019-07-31,0,False
2019-08-01,0,False
2019-08-02,0,False
2019-08-03,0,False
2019-08-04,0,False
2019-08-05,100,False
2019-08-06,0,False
2019-08-07,0,False
2019-08-08,0,False
2019-08-09,0,False
2019-08-10,0,False
2019-08-11,87,False
2019-08-12,0,False
2019-08-13,0,False
2019-08-14,0,False
2019-08-15,0,False
2019-08-16,0,False
2019-08-17,0,False
2019-08-18,0,False
2019-08-19,0,False
2019-08-20,0,False
2019-08-21,0,False
2019-08-22,0,False
2019-08-23,0,False
2019-08-24,0,False
2019-08-25,0,False
2019-08-26,0,False
2019-08-27,0,False
2019-08-28,0,False
2019-08-29,0,False
2019-08-30,0,False
2019-08-31,0,False
2019-09-01,0,False
2019-09-02,0,False
2019-09-03,0,False
2019-09-04,0,False
2019-09-05,0,False
2019-09-06,0,False
2019-09-07,0,False
2019-09-08,0,False
2019-09-09,60,False
2019-09-10,0,False
2019-09-11,0,False
2019-09-12,0,False
2019-09-13,0,False
2019-09-14,0,False
2019-09-15,0,False
2019-09-16,0,False
2019-09-17,0,False
2019-09-18,0,False
2019-09-19,0,False
2019-09-20,0,False
2019-09-21,0,False
2019-09-22,0,False
2019-09-23,0,False
2019-09-24,0,False
2019-09-25,0,False
2019-09-26,0,False
2019-09-27,0,False
2019-09-28,0,False
2019-09-29,0,False
2019-09-30,0,False
2019-10-01,0,False
2019-10-02,0,False
2019-10-03,0,False
2019-10-04,0,False
2019-10-05,0,False
2019-10-06,0,False
2019-10-07,0,False
2019-10-08,0,False
2019-10-09,0,False
2019-10-10,0,False
2019-10-11,0,False
2019-10-12,0,False
2019-10-13,0,False
2019-10-14,0,False
2019-10-15,0,False
2019-10-16,0,False
2019-10-17,0,False
2019-10-18,0,False
2019-10-19,0,False
2019-10-20,0,False
2019-10-21,0,False
2019-10-22,0,False
2019-10-23,0,False
2019-10-24,0,False
2019-10-25,0,False
2019-10-26,0,False
2019-10-27,0,False
2019-10-28,0,False
2019-10-29,0,False
2019-10-30,0,False
2019-10-31,0,False
2019-11-01,0,False
2019-11-02,0,False
2019-11-03,0,False
2019-11-04,0,False
2019-11-05,0,False
2019-11-06,0,False
2019-11-07,0,False
2019-11-08,0,False
2019-11-09,0,False
2019-11-10,0,False
2019-11-11,0,False
2019-11-12,0,False
2019-11-13,0,False
2019-11-14,0,False
2019-11-15,0,False
2019-11-16,0,False
2019-11-17,0,False
2019-11-18,0,False
2019-11-19,0,False
2019-11-20,0,False
2019-11-21,0,False
2019-11-22,0,False
2019-11-23,0,False
2019-11-24,0,False
2019-11-25,0,False
2019-11-26,0,False
2019-11-27,0,False
2019-11-28,0,False
2019-11-29,0,False
2019-11-30,0,False
2019-12-01,0,False
2019-12-02,0,False
2019-12-03,0,False
2019-12-04,0,False
2019-12-05,0,False
2019-12-06,0,False
2019-12-07,0,False
2019-12-08,0,False
2019-12-09,0,False
2019-12-10,0,False
2019-12-11,0,False
2019-12-12,0,False
2019-12-13,0,False
2019-12-14,0,False
2019-12-15,0,False
2019-12-16,0,False
2019-12-17,0,False
2019-12-18,0,False
2019-12-19,0,False
2019-12-20,0,False
2019-12-21,0,False
2019-12-22,0,False
2019-12-23,0,False
2019-12-24,0,False
2019-12-25,0,False
2019-12-26,0,False
2019-12-27,0,False
2019-12-28,0,False
2019-12-29,0,False
2019-12-30,0,False
2019-12-31,0,False
2020-07-01,0,False
2020-07-02,0,False
2020-07-03,0,False
2020-07-04,0,False
2020-07-05,0,False
2020-07-06,0,False
2020-07-07,0,False
2020-07-08,0,False
2020-07-09,0,False
2020-07-10,0,False
2020-07-11,0,False
2020-07-12,0,False
2020-07-13,0,False
2020-07-14,0,False
2020-07-15,0,False
2020-07-16,0,False
2020-07-17,0,False
2020-07-18,0,False
2020-07-19,0,False
2020-07-20,0,False
2020-07-21,0,False
2020-07-22,0,False
2020-07-23,0,False
2020-07-24,0,False
2020-07-25,0,False
2020-07-26,0,False
2020-07-27,0,False
2020-07-28,0,False
2020-07-29,0,False
2020-07-30,0,False
2020-07-31,0,False
2020-08-01,0,False
2020-08-02,0,False
2020-08-03,0,False
2020-08-04,0,False
2020-08-05,0,False
2020-08-06,0,False
2020-08-07,0,False
2020-08-08,0,False
2020-08-09,0,False
2020-08-10,0,False
2020-08-11,0,False
2020-08-12,0,False
2020-08-13,0,False
2020-08-14,0,False
2020-08-15,0,False
2020-08-16,0,False
2020-08-17,0,False
2020-08-18,0,False
2020-08-19,0,False
2020-08-20,0,False
2020-08-21,0,False
2020-08-22,0,False
2020-08-23,0,False
2020-08-24,0,False
2020-08-25,0,False
2020-08-26,0,False
2020-08-27,0,False
2020-08-28,0,False
2020-08-29,0,False
2020-08-30,0,False
2020-08-31,0,False
2020-09-01,0,False
2020-09-02,0,False
2020-09-03,0,False
2020-09-04,0,False
2020-09-05,0,False
2020-09-06,0,False
2020-09-07,0,False
2020-09-08,0,False
2020-09-09,0,False
2020-09-10,0,False
2020-09-11,0,False
2020-09-12,0,False
2020-09-13,0,False
2020-09-14,0,False
2020-09-15,0,False
2020-09-16,0,False
2020-09-17,0,False
2020-09-18,0,False
2020-09-19,0,False
2020-09-20,0,False
2020-09-21,0,False
2020-09-22,0,False
2020-09-23,0,False
2020-09-24,0,False
2020-09-25,0,False
2020-09-26,0,False
2020-09-27,0,False
2020-09-28,0,False
2020-09-29,0,False
2020-09-30,0,False
2020-10-01,0,False
2020-10-02,0,False
2020-10-03,0,False
2020-10-04,0,False
2020-10-05,0,False
2020-10-06,0,False
2020-10-07,0,False
2020-10-08,52,False
2020-10-09,0,False
2020-10-10,0,False
2020-10-11,0,False
2020-10-12,0,False
2020-10-13,0,False
2020-10-14,0,False
2020-10-15,0,False
2020-10-16,0,False
2020-10-17,0,False
2020-10-18,0,False
2020-10-19,0,False
2020-10-20,0,False
2020-10-21,0,False
2020-10-22,0,False
2020-10-23,0,False
2020-10-24,0,False
2020-10-25,0,False
2020-10-26,0,False
2020-10-27,0,False
2020-10-28,0,False
2020-10-29,0,False
2020-10-30,0,False
2020-10-31,0,False
2020-11-01,0,False
2020-11-02,0,False
2020-11-03,0,False
2020-11-04,0,False
2020-11-05,0,False
2020-11-06,0,False
2020-11-07,0,False
2020-11-08,0,False
2020-11-09,0,False
2020-11-10,0,False
2020-11-11,0,False
2020-11-12,0,False
2020-11-13,0,False
2020-11-14,0,False
2020-11-15,0,False
2020-11-16,0,False
2020-11-17,0,False
2020-11-18,0,False
2020-11-19,0,False
2020-11-20,0,False
2020-11-21,0,False
2020-11-22,0,False
2020-11-23,0,False
2020-11-24,0,False
2020-11-25,0,False
2020-11-26,0,False
2020-11-27,0,False
2020-11-28,0,False
2020-11-29,0,False
2020-11-30,0,False
2020-12-01,0,False
2020-12-02,0,False
2020-12-03,0,False
2020-12-04,0,False
2020-12-05,0,False
2020-12-06,100,False
2020-12-07,0,False
2020-12-08,0,False
2020-12-09,0,False
2020-12-10,0,False
2020-12-11,0,False
2020-12-12,0,False
2020-12-13,0,False
2020-12-14,0,False
2020-12-15,0,False
2020-12-16,0,False
2020-12-17,0,False
2020-12-18,0,False
2020-12-19,0,False
2020-12-20,0,False
2020-12-21,0,False
2020-12-22,0,False
2020-12-23,0,False
2020-12-24,0,False
2020-12-25,0,False
2020-12-26,0,False
2020-12-27,0,False
2020-12-28,0,False
2020-12-29,0,False
2020-12-30,0,False
2020-12-31,0,False
2021-01-01,0,False
2021-01-02,0,False
2021-01-03,0,False
2021-01-04,0,False
2021-01-05,0,False
2021-01-06,0,False
2021-01-07,0,False
2021-01-08,0,False
2021-01-09,0,False
2021-01-10,0,False
2021-01-11,0,False
2021-01-12,0,False
2021-01-13,0,False
2021-01-14,0,False
2021-01-15,0,False
2021-01-16,0,False
2021-01-17,0,False
2021-01-18,0,False
2021-01-19,0,False
2021-01-20,0,False
2021-01-21,0,False
2021-01-22,0,False
2021-01-23,0,False
2021-01-24,0,False
2021-01-25,0,False
2021-01-26,0,False
2021-01-27,0,False
2021-01-28,0,False
2021-01-29,0,False
2021-01-30,0,False
2021-01-31,0,False
2021-02-01,0,False
2021-02-02,0,False
2021-02-03,0,False
2021-02-04,0,False
2021-02-05,0,False
2021-02-06,0,False
2021-02-07,0,False
2021-02-08,0,False
2021-02-09,0,False
2021-02-10,0,False
2021-02-11,0,False
2021-02-12,0,False
2021-02-13,0,False
2021-02-14,0,False
2021-02-15,0,False
2021-02-16,0,False
2021-02-17,0,False
2021-02-18,0,False
2021-02-19,0,False
2021-02-20,0,False
2021-02-21,0,False
2021-02-22,0,False
2021-02-23,0,False
2021-02-24,0,False
2021-02-25,0,False
2021-02-26,0,False
2021-02-27,0,False
2021-02-28,0,False
2021-03-01,0,False
2021-03-02,0,False
2021-03-03,0,False
2021-03-04,0,False
2021-03-05,0,False
2021-03-06,0,False
2021-03-07,0,False
2021-03-08,0,False
2021-03-09,0,False
2021-03-10,0,False
2021-03-11,0,False
2021-03-12,0,False
2021-03-13,0,False
2021-03-14,0,False
2021-03-15,0,False
2021-03-16,0,False
2021-03-17,0,False
2021-03-18,0,False
2021-03-19,0,False
2021-03-20,0,False
2021-03-21,0,False
2021-03-22,0,False
2021-03-23,0,False
2021-03-24,0,False
2021-03-25,0,False
2021-03-26,0,False
2021-03-27,0,False
2021-03-28,0,False
2021-03-29,0,False
2021-03-30,0,False
2021-03-31,0,False
2021-04-01,0,False
2021-04-02,0,False
2021-04-03,0,False
2021-04-04,0,False
2021-04-05,0,False
2021-04-06,0,False
2021-04-07,100,False
2021-04-08,0,False
2021-04-09,0,False
2021-04-10,0,False
2021-04-11,0,False
2021-04-12,0,False
2021-04-13,0,False
2021-04-14,0,False
2021-04-15,0,False
2021-04-16,0,False
2021-04-17,0,False
2021-04-18,0,False
2021-04-19,0,False
2021-04-20,0,False
2021-04-21,0,False
2021-04-22,0,False
2021-04-23,0,False
2021-04-24,0,False
2021-04-25,0,False
2021-04-26,0,False
2021-04-27,0,False
2021-04-28,0,False
2021-04-29,0,False
2021-04-30,0,False
2021-05-01,0,False
2021-05-02,0,False
2021-05-03,0,False
2021-05-04,0,False
2021-05-05,0,False
2021-05-06,0,False
2021-05-07,0,False
2021-05-08,0,False
2021-05-09,0,False
2021-05-10,0,False
2021-05-11,0,False
2021-05-12,0,False
2021-05-13,0,False
2021-05-14,0,False
2021-05-15,0,False
2021-05-16,0,False
2021-05-17,0,False
2021-05-18,0,False
2021-05-19,0,False
2021-05-20,0,False
2021-05-21,0,False
2021-05-22,0,False
2021-05-23,0,False
2021-05-24,0,False
2021-05-25,0,False
2021-05-26,0,False
2021-05-27,0,False
2021-05-28,0,False
2021-05-29,0,False
2021-05-30,0,False
2021-05-31,0,False
2021-06-01,0,False
2021-06-02,0,False
2021-06-03,0,False
2021-06-04,0,False
2021-06-05,0,False
2021-06-06,0,False
2021-06-07,0,False
2021-06-08,0,False
2021-06-09,0,False
2021-06-10,0,False
2021-06-11,0,False
2021-06-12,0,False
2021-06-13,0,False
2021-06-14,0,False
2021-06-15,0,False
2021-06-16,0,False
2021-06-17,0,False
2021-06-18,0,False
2021-06-19,0,False
2021-06-20,0,False
2021-06-21,0,False
2021-06-22,0,False
2021-06-23,0,False
2021-06-24,0,False
2021-06-25,0,False
2021-06-26,0,False
2021-06-27,0,False
2021-06-28,0,False
2021-06-29,0,False
2021-06-30,0,False
2022-01-01,0,False
2022-01-02,0,False
2022-01-03,0,False
2022-01-04,0,False
2022-01-05,0,False
2022-01-06,0,False
2022-01-07,0,False
2022-01-08,0,False
2022-01-09,0,False
2022-01-10,0,False
2022-01-11,0,False
2022-01-12,0,False
2022-01-13,0,False
2022-01-14,0,False
2022-01-15,0,False
2022-01-16,0,False
2022-01-17,0,False
2022-01-18,0,False
2022-01-19,0,False
2022-01-20,0,False
2022-01-21,0,False
2022-01-22,0,False
2022-01-23,0,False
2022-01-24,0,False
2022-01-25,0,False
2022-01-26,0,False
2022-01-27,0,False
2022-01-28,0,False
2022-01-29,0,False
2022-01-30,0,False
2022-01-31,0,False
2022-02-01,0,False
2022-02-02,0,False
2022-02-03,0,False
2022-02-04,0,False
2022-02-05,0,False
2022-02-06,0,False
2022-02-07,0,False
2022-02-08,0,False
2022-02-09,0,False
2022-02-10,0,False
2022-02-11,0,False
2022-02-12,0,False
2022-02-13,0,False
2022-02-14,0,False
2022-02-15,0,False
2022-02-16,0,False
2022-02-17,0,False
2022-02-18,0,False
2022-02-19,0,False
2022-02-20,0,False
2022-02-21,0,False
2022-02-22,0,False
2022-02-23,0,False
2022-02-24,0,False
2022-02-25,0,False
2022-02-26,0,False
2022-02-27,0,False
2022-02-28,0,False
2022-03-01,0,False
2022-03-02,0,False
2022-03-03,0,False
2022-03-04,0,False
2022-03-05,0,False
2022-03-06,0,False
2022-03-07,0,False
2022-03-08,0,False
2022-03-09,0,False
2022-03-10,0,False
2022-03-11,0,False
2022-03-12,0,False
2022-03-13,0,False
2022-03-14,0,False
2022-03-15,0,False
2022-03-16,0,False
2022-03-17,0,False
2022-03-18,0,False
2022-03-19,0,False
2022-03-20,0,False
2022-03-21,0,False
2022-03-22,0,False
2022-03-23,0,False
2022-03-24,0,False
2022-03-25,0,False
2022-03-26,0,False
2022-03-27,0,False
2022-03-28,0,False
2022-03-29,0,False
2022-03-30,0,False
2022-03-31,0,False
2022-04-01,0,False
2022-04-02,0,False
2022-04-03,0,False
2022-04-04,0,False
2022-04-05,0,False
2022-04-06,0,False
2022-04-07,100,False
2022-04-08,0,False
2022-04-09,0,False
2022-04-10,0,False
2022-04-11,0,False
2022-04-12,0,False
2022-04-13,0,False
2022-04-14,0,False
2022-04-15,0,False
2022-04-16,0,False
2022-04-17,0,False
2022-04-18,0,False
2022-04-19,0,False
2022-04-20,0,False
2022-04-21,0,False
2022-04-22,0,False
2022-04-23,0,False
2022-04-24,0,False
2022-04-25,0,False
2022-04-26,0,False
2022-04-27,0,False
2022-04-28,0,False
2022-04-29,0,False
2022-04-30,0,False
2022-05-01,0,False
2022-05-02,0,False
2022-05-03,0,False
2022-05-04,0,False
2022-05-05,0,False
2022-05-06,0,False
2022-05-07,0,False
2022-05-08,0,False
2022-05-09,0,False
2022-05-10,0,False
2022-05-11,0,False
2022-05-12,0,False
2022-05-13,0,False
2022-05-14,0,False
2022-05-15,0,False
2022-05-16,0,False
2022-05-17,0,False
2022-05-18,0,False
2022-05-19,0,False
2022-05-20,0,False
2022-05-21,0,False
2022-05-22,0,False
2022-05-23,0,False
2022-05-24,0,False
2022-05-25,0,False
2022-05-26,0,False
2022-05-27,0,False
2022-05-28,0,False
2022-05-29,0,False
2022-05-30,0,False
2022-05-31,0,False
2022-06-01,0,False
2022-06-02,0,False
2022-06-03,0,False
2022-06-04,0,False
2022-06-05,0,False
2022-06-06,0,False
2022-06-07,0,False
2022-06-08,0,False
2022-06-09,0,False
2022-06-10,0,False
2022-06-11,0,False
2022-06-12,0,False
2022-06-13,0,False
2022-06-14,0,False
2022-06-15,0,False
2022-06-16,0,False
2022-06-17,0,False
2022-06-18,0,False
2022-06-19,0,False
2022-06-20,0,False
2022-06-21,0,False
2022-06-22,0,False
2022-06-23,0,False
2022-06-24,0,False
2022-06-25,0,False
2022-06-26,0,False
2022-06-27,0,False
2022-06-28,0,False
2022-06-29,0,False
2022-06-30,0,False
2022-07-01,0,False
2022-07-02,0,False
2022-07-03,0,False
2022-07-04,0,False
2022-07-05,0,False
2022-07-06,0,False
2022-07-07,0,False
2022-07-08,0,False
2022-07-09,0,False
2022-07-10,0,False
2022-07-11,0,False
2022-07-12,0,False
2022-07-13,0,False
2022-07-14,0,False
2022-07-15,0,False
2022-07-16,0,False
2022-07-17,0,False
2022-07-18,0,False
2022-07-19,0,False
2022-07-20,0,False
2022-07-21,0,False
2022-07-22,0,False
2022-07-23,0,False
2022-07-24,0,False
2022-07-25,0,False
2022-07-26,0,False
2022-07-27,0,False
2022-07-28,0,False
2022-07-29,0,False
2022-07-30,0,False
2022-07-31,0,False
2022-08-01,0,False
2022-08-02,0,False
2022-08-03,0,False
2022-08-04,0,False
2022-08-05,0,False
2022-08-06,0,False
2022-08-07,0,False
2022-08-08,0,False
2022-08-09,0,False
2022-08-10,0,False
2022-08-11,0,False
2022-08-12,0,False
2022-08-13,0,False
2022-08-14,0,False
2022-08-15,0,False
2022-08-16,0,False
2022-08-17,0,False
2022-08-18,0,False
2022-08-19,0,False
2022-08-20,0,False
2022-08-21,0,False
2022-08-22,0,False
2022-08-23,0,False
2022-08-24,0,False
2022-08-25,0,False
2022-08-26,0,False
2022-08-27,0,False
2022-08-28,0,False
2022-08-29,0,False
2022-08-30,0,False
2022-08-31,0,False
2022-09-01,0,False
2022-09-02,0,False
2022-09-03,0,False
2022-09-04,0,False
2022-09-05,0,False
2022-09-06,0,False
2022-09-07,0,False
2022-09-08,0,False
2022-09-09,0,False
2022-09-10,0,False
2022-09-11,0,False
2022-09-12,0,False
2022-09-13,0,False
2022-09-14,0,False
2022-09-15,0,False
2022-09-16,0,False
2022-09-17,0,False
2022-09-18,0,False
2022-09-19,0,False
2022-09-20,0,False
2022-09-21,0,False
2022-09-22,0,False
2022-09-23,0,False
2022-09-24,0,False
2022-09-25,0,False
2022-09-26,0,False
2022-09-27,0,False
2022-09-28,0,False
2022-09-29,0,False
2022-09-30,0,False
2022-10-01,100,False
2022-10-02,0,False
2022-10-03,0,False
2022-10-04,0,False
2022-10-05,0,False
2022-10-06,0,False
2022-10-07,0,False
2022-10-08,0,False
2022-10-09,0,False
2022-10-10,0,False
2022-10-11,0,False
2022-10-12,0,False
2022-10-13,0,False
2022-10-14,0,False
2022-10-15,0,False
2022-10-16,0,False
2022-10-17,0,False
2022-10-18,0,False
2022-10-19,0,False
2022-10-20,0,False
2022-10-21,0,False
2022-10-22,0,False
2022-10-23,0,False
2022-10-24,0,False
2022-10-25,0,False
2022-10-26,0,False
2022-10-27,0,False
2022-10-28,0,False
2022-10-29,0,False
2022-10-30,0,False
2022-10-31,0,False
2022-11-01,0,False
2022-11-02,0,False
2022-11-03,0,False
2022-11-04,0,False
2022-11-05,0,False
2022-11-06,0,False
2022-11-07,0,False
2022-11-08,0,False
2022-11-09,0,False
2022-11-10,0,False
2022-11-11,0,False
2022-11-12,0,False
2022-11-13,0,False
2022-11-14,0,False
2022-11-15,0,False
2022-11-16,0,False
2022-11-17,0,False
2022-11-18,0,False
2022-11-19,0,False
2022-11-20,0,False
2022-11-21,0,False
2022-11-22,0,False
2022-11-23,0,False
2022-11-24,0,False
2022-11-25,0,False
2022-11-26,0,False
2022-11-27,0,False
2022-11-28,0,False
2022-11-29,0,False
2022-11-30,0,False
2022-12-01,0,False
2022-12-02,0,False
2022-12-03,0,False
2022-12-04,0,False
2022-12-05,0,False
2022-12-06,0,False
2022-12-07,92,False
2022-12-08,0,False
2022-12-09,0,False
2022-12-10,0,False
2022-12-11,0,False
2022-12-12,0,False
2022-12-13,0,False
2022-12-14,0,False
2022-12-15,0,False
2022-12-16,0,False
2022-12-17,0,False
2022-12-18,0,False
2022-12-19,0,False
2022-12-20,0,False
2022-12-21,0,False
2022-12-22,0,False
2022-12-23,0,False
2022-12-24,0,False
2022-12-25,0,False
2022-12-26,0,False
2022-12-27,0,False
2022-12-28,0,False
2022-12-29,0,False
2022-12-30,0,False
2022-12-31,0,False
2023-01-01,0,False
2023-01-02,0,False
2023-01-03,11,False
2023-01-04,100,False
2023-01-05,80,False
2023-01-06,57,False
2023-01-07,15,False
2023-01-08,8,False
2023-01-09,38,False
2023-01-10,36,False
2023-01-11,46,False
2023-01-12,45,False
2023-01-13,36,False
2023-01-14,9,False
2023-01-15,0,False
2023-01-16,15,False
2023-01-17,31,False
2023-01-18,28,False
2023-01-19,23,False
2023-01-20,31,False
2023-01-21,7,False
2023-01-22,0,False
2023-01-23,29,False
2023-01-24,38,False
2023-01-25,27,False
2023-01-26,27,False
2023-01-27,34,False
2023-01-28,9,False
2023-01-29,0,False
2023-01-30,39,False
2023-01-31,30,False
2023-02-01,25,False
2023-02-02,30,False
2023-02-03,29,False
2023-02-04,6,False
2023-02-05,0,False
2023-02-06,20,False
2023-02-07,22,False
2023-02-08,23,False
2023-02-09,21,False
2023-02-10,22,False
2023-02-11,0,False
2023-02-12,0,False
2023-02-13,21,False
2023-02-14,27,False
2023-02-15,25,False
2023-02-16,20,False
2023-02-17,22,False
2023-02-18,0,False
2023-02-19,7,False
2023-02-20,11,False
2023-02-21,20,False
2023-02-22,20,False
2023-02-23,25,False
2023-02-24,18,False
2023-02-25,9,False
2023-02-26,0,False
2023-02-27,20,False
2023-02-28,26,False
2023-03-01,18,False
2023-03-02,22,False
2023-03-03,25,False
2023-03-04,6,False
2023-03-05,0,False
2023-03-06,20,False
2023-03-07,16,False
2023-03-08,18,False
2023-03-09,23,False
2023-03-10,21,False
2023-03-11,0,False
2023-03-12,0,False
2023-03-13,22,False
2023-03-14,25,False
2023-03-15,20,False
2023-03-16,19,False
2023-03-17,20,False
2023-03-18,5,False
2023-03-19,0,False
2023-03-20,20,False
2023-03-21,25,False
2023-03-22,16,False
2023-03-23,21,False
2023-03-24,20,False
2023-03-25,8,False
2023-03-26,0,False
2023-03-27,22,False
2023-03-28,12,False
2023-03-29,16,False
2023-03-30,26,False
2023-03-31,30,False
2023-04-01,6,False
2023-04-02,0,False
2023-04-03,24,False
2023-04-04,17,False
2023-04-05,20,False
2023-04-06,14,False
2023-04-07,11,False
2023-04-08,0,False
2023-04-09,0,False
2023-04-10,12,False
2023-04-11,18,False
2023-04-12,24,False
2023-04-13,21,False
2023-04-14,18,False
2023-04-15,0,False
2023-04-16,5,False
2023-04-17,18,False
2023-04-18,23,False
2023-04-19,20,False
2023-04-20,25,False
2023-04-21,23,False
2023-04-22,0,False
2023-04-23,0,False
2023-04-24,28,False
2023-04-25,36,False
2023-04-26,31,False
2023-04-27,22,False
2023-04-28,18,False
2023-04-29,0,False
2023-04-30,0,False
2023-05-01,20,False
2023-05-02,23,False
2023-05-03,22,False
2023-05-04,18,False
2023-05-05,17,False
2023-05-06,0,False
2023-05-07,0,False
2023-05-08,19,False
2023-05-09,16,False
2023-05-10,23,False
2023-05-11,19,False
2023-05-12,16,False
2023-05-13,0,False
2023-05-14,0,False
2023-05-15,18,False
2023-05-16,20,False
2023-05-17,19,False
2023-05-18,21,False
2023-05-19,19,False
2023-05-20,0,False
2023-05-21,0,False
2023-05-22,21,False
2023-05-23,15,False
2023-05-24,12,False
2023-05-25,21,False
2023-05-26,21,False
2023-05-27,0,False
2023-05-28,0,False
2023-05-29,0,False
2023-05-30,18,False
2023-05-31,14,False
2023-06-01,17,False
2023-06-02,23,False
2023-06-03,0,False
2023-06-04,0,False
2023-06-05,18,False
2023-06-06,26,False
2023-06-07,20,False
2023-06-08,25,False
2023-06-09,20,False
2023-06-10,6,False
2023-06-11,0,False
2023-06-12,24,False
2023-06-13,20,False
2023-06-14,20,False
2023-06-15,19,False
2023-06-16,22,False
2023-06-17,0,False
2023-06-18,0,False
2023-06-19,10,False
2023-06-20,15,False
2023-06-21,14,False
2023-06-22,16,False
2023-06-23,18,False
2023-06-24,0,False
2023-06-25,0,False
2023-06-26,18,False
2023-06-27,16,False
2023-06-28,16,False
2023-06-29,19,False
2023-06-30,21,False
2023-07-01,0,False
2023-07-02,0,False
2023-07-03,39,False
2023-07-04,0,False
2023-07-05,57,False
2023-07-06,35,False
2023-07-07,45,False
2023-07-08,16,False
2023-07-09,0,False
2023-07-10,41,False
2023-07-11,49,False
2023-07-12,41,False
2023-07-13,47,False
2023-07-14,35,False
2023-07-15,0,False
2023-07-16,0,False
2023-07-17,40,False
2023-07-18,55,False
2023-07-19,52,False
2023-07-20,50,False
2023-07-21,28,False
2023-07-22,0,False
2023-07-23,0,False
2023-07-24,34,False
2023-07-25,100,False
2023-07-26,63,False
2023-07-27,58,False
2023-07-28,50,False
2023-07-29,0,False
2023-07-30,0,False
2023-07-31,42,False
2023-08-01,34,False
2023-08-02,29,False
2023-08-03,30,False
2023-08-04,41,False
2023-08-05,0,False
2023-08-06,14,False
2023-08-07,43,False
2023-08-08,47,False
2023-08-09,38,False
2023-08-10,56,False
2023-08-11,41,False
2023-08-12,0,False
2023-08-13,0,False
2023-08-14,42,False
2023-08-15,35,False
2023-08-16,47,False
2023-08-17,38,False
2023-08-18,37,False
2023-08-19,15,False
2023-08-20,0,False
2023-08-21,36,False
2023-08-22,34,False
2023-08-23,46,False
2023-08-24,48,False
2023-08-25,42,False
2023-08-26,0,False
2023-08-27,0,False
2023-08-28,39,False
2023-08-29,49,False
2023-08-30,53,False
2023-08-31,30,False
2023-09-01,42,False
2023-09-02,0,False
2023-09-03,0,False
2023-09-04,0,False
2023-09-05,32,False
2023-09-06,50,False
2023-09-07,37,False
2023-09-08,34,False
2023-09-09,19,False
2023-09-10,0,False
2023-09-11,21,False
2023-09-12,38,False
2023-09-13,38,False
2023-09-14,40,False
2023-09-15,27,False
2023-09-16,0,False
2023-09-17,0,False
2023-09-18,38,False
2023-09-19,34,False
2023-09-20,36,False
2023-09-21,26,False
2023-09-22,38,False
2023-09-23,0,False
2023-09-24,0,False
2023-09-25,28,False
2023-09-26,37,False
2023-09-27,32,False
2023-09-28,43,False
2023-09-29,36,False
2023-09-30,18,False
2023-10-01,0,False
2023-10-02,17,False
2023-10-03,35,False
2023-10-04,35,False
2023-10-05,30,False
2023-10-06,32,False
2023-10-07,0,False
2023-10-08,0,False
2023-10-09,20,False
2023-10-10,30,False
2023-10-11,36,False
2023-10-12,24,False
2023-10-13,36,False
2023-10-14,0,False
2023-10-15,0,False
2023-10-16,33,False
2023-10-17,34,False
2023-10-18,21,False
2023-10-19,25,False
2023-10-20,29,False
2023-10-21,0,False
2023-10-22,0,False
2023-10-23,28,False
2023-10-24,31,False
2023-10-25,33,False
2023-10-26,32,False
2023-10-27,26,False
2023-10-28,0,False
2023-10-29,0,False
2023-10-30,20,False
2023-10-31,73,False
2023-11-01,53,False
2023-11-02,40,False
2023-11-03,43,False
2023-11-04,0,False
2023-11-05,0,False
2023-11-06,29,False
2023-11-07,30,False
2023-11-08,48,False
2023-11-09,33,False
2023-11-10,30,False
2023-11-11,0,False
2023-11-12,0,False
2023-11-13,39,False
2023-11-14,47,False
2023-11-15,33,False
2023-11-16,29,False
2023-11-17,35,False
2023-11-18,17,False
2023-11-19,0,False
2023-11-20,42,False
2023-11-21,47,False
2023-11-22,40,False
2023-11-23,0,False
2023-11-24,31,False
2023-11-25,0,False
2023-11-26,0,False
2023-11-27,53,False
2023-11-28,29,False
2023-11-29,55,False
2023-11-30,41,False
2023-12-01,35,False
2023-12-02,0,False
2023-12-03,0,False
2023-12-04,25,False
2023-12-05,38,False
2023-12-06,42,False
2023-12-07,24,False
2023-12-08,32,False
2023-12-09,15,False
2023-12-10,0,False
2023-12-11,42,False
2023-12-12,42,False
2023-12-13,33,False
2023-12-14,46,False
2023-12-15,47,False
2023-12-16,0,False
2023-12-17,0,False
2023-12-18,43,False
2023-12-19,53,False
2023-12-20,36,False
2023-12-21,46,False
2023-12-22,47,False
2023-12-23,0,False
2023-12-24,0,False
2023-12-25,0,False
2023-12-26,28,False
2023-12-27,34,False
2023-12-28,49,False
2023-12-29,49,False
2023-12-30,0,False
2023-12-31,0,False
2024-01-01,0,False
2024-01-02,54,False
2024-01-03,41,False
2024-01-04,44,False
2024-01-05,37,False
2024-01-06,16,False
2024-01-07,0,False
2024-01-08,47,False
2024-01-09,59,False
2024-01-10,39,False
2024-01-11,42,False
2024-01-12,34,False
2024-01-13,16,False
2024-01-14,0,False
2024-01-15,0,False
2024-01-16,29,False
2024-01-17,38,False
2024-01-18,40,False
2024-01-19,36,False
2024-01-20,17,False
2024-01-21,0,False
2024-01-22,55,False
2024-01-23,40,False
2024-01-24,40,False
2024-01-25,35,False
2024-01-26,36,False
2024-01-27,0,False
2024-01-28,0,False
2024-01-29,45,False
2024-01-30,41,False
2024-01-31,43,False
2024-02-01,42,False
2024-02-02,34,False
2024-02-03,0,False
2024-02-04,0,False
2024-02-05,39,False
2024-02-06,100,False
2024-02-07,65,False
2024-02-08,64,False
2024-02-09,63,False
2024-02-10,21,False
2024-02-11,0,False
2024-02-12,51,False
2024-02-13,38,False
2024-02-14,57,False
2024-02-15,45,False
2024-02-16,54,False
2024-02-17,24,False
2024-02-18,0,False
2024-02-19,24,False
2024-02-20,43,False
2024-02-21,49,False
2024-02-22,69,False
2024-02-23,52,False
2024-02-24,0,False
2024-02-25,0,False
2024-02-26,43,False
2024-02-27,53,False
2024-02-28,63,False
2024-02-29,52,False
2024-03-01,47,False
2024-03-02,17,False
2024-03-03,0,False
2024-03-04,51,False
2024-03-05,46,False
2024-03-06,39,False
2024-03-07,49,False
2024-03-08,50,False
2024-03-09,22,False
2024-03-10,17,False
2024-03-11,43,False
2024-03-12,51,False
2024-03-13,71,False
2024-03-14,41,False
2024-03-15,49,False
2024-03-16,23,False
2024-03-17,0,False
2024-03-18,42,False
2024-03-19,61,False
2024-03-20,61,False
2024-03-21,51,False
2024-03-22,47,False
2024-03-23,0,False
2024-03-24,0,False
2024-03-25,37,False
2024-03-26,38,False
2024-03-27,42,False
2024-03-28,52,False
2024-03-29,19,False
2024-03-30,0,False
2024-03-31,0,False
