Date,Open,High,Low,Close,Volume,Dividends,Stock Splits
28-10-2021,47.0099983215332,48.0,44.47999954223633,46.400001525878906,18618900,0.0,0.0
29-10-2021,46.0,49.47999954223633,45.61000061035156,48.7400016784668,4639400,0.0,0.0
01-11-2021,54.27000045776367,59.9900016784668,53.060001373291016,53.869998931884766,9946500,0.0,0.0
02-11-2021,57.507999420166016,58.6150016784668,55.0,56.41999816894531,4122500,0.0,0.0
03-11-2021,57.0,59.380001068115234,56.16999816894531,59.0,2642300,0.0,0.0
04-11-2021,60.349998474121094,65.73999786376953,60.349998474121094,62.68000030517578,3985400,0.0,0.0
05-11-2021,65.0,66.0,56.15999984741211,63.630001068115234,4222100,0.0,0.0
08-11-2021,62.810001373291016,62.970001220703125,58.81700134277344,59.36000061035156,3012100,0.0,0.0
09-11-2021,58.97700119018555,61.11600112915039,56.869998931884766,59.83000183105469,1947200,0.0,0.0
10-11-2021,59.0,59.810001373291016,56.93000030517578,57.720001220703125,1543700,0.0,0.0
11-11-2021,58.72999954223633,59.65999984741211,55.04999923706055,56.189998626708984,1762700,0.0,0.0
12-11-2021,55.630001068115234,56.349998474121094,53.25,55.959999084472656,1703200,0.0,0.0
15-11-2021,55.689998626708984,60.119998931884766,53.849998474121094,59.599998474121094,1430500,0.0,0.0
16-11-2021,59.130001068115234,62.77000045776367,57.70000076293945,61.66999816894531,1136900,0.0,0.0
17-11-2021,61.97999954223633,64.16500091552734,61.5,62.70000076293945,1432800,0.0,0.0
18-11-2021,67.38999938964844,67.38999938964844,63.5,64.2699966430664,2831800,0.0,0.0
19-11-2021,66.01000213623047,67.9000015258789,61.70000076293945,62.11000061035156,2389400,0.0,0.0
22-11-2021,66.13999938964844,68.19000244140625,62.599998474121094,63.9900016784668,4244800,0.0,0.0
23-11-2021,64.05999755859375,64.77999877929688,61.611000061035156,63.779998779296875,1562000,0.0,0.0
24-11-2021,63.869998931884766,69.5739974975586,62.33000183105469,68.97000122070312,1998400,0.0,0.0
26-11-2021,65.56999969482422,69.38999938964844,64.7509994506836,67.29000091552734,1454300,0.0,0.0
29-11-2021,68.96299743652344,73.25299835205078,68.7969970703125,70.54000091552734,3822400,0.0,0.0
30-11-2021,71.0,71.45999908447266,64.22000122070312,69.23999786376953,3490800,0.0,0.0
01-12-2021,72.0,72.47699737548828,66.05999755859375,66.26000213623047,3172700,0.0,0.0
02-12-2021,65.44999694824219,67.18000030517578,62.439998626708984,65.80999755859375,1914800,0.0,0.0
03-12-2021,65.31999969482422,69.38999938964844,63.599998474121094,69.02999877929688,1916500,0.0,0.0
06-12-2021,67.80999755859375,67.95999908447266,63.79499816894531,64.91999816894531,2775700,0.0,0.0
07-12-2021,66.0199966430664,70.63999938964844,66.0199966430664,67.86000061035156,2769400,0.0,0.0
08-12-2021,68.02999877929688,68.0999984741211,64.80000305175781,65.7699966430664,1785200,0.0,0.0
09-12-2021,66.16000366210938,67.44999694824219,63.13999938964844,63.70000076293945,1505400,0.0,0.0
10-12-2021,65.0999984741211,65.85900115966797,61.189998626708984,63.83000183105469,1881500,0.0,0.0
13-12-2021,63.994998931884766,65.27999877929688,60.840999603271484,61.209999084472656,1324800,0.0,0.0
14-12-2021,60.54600143432617,61.369998931884766,58.61000061035156,60.13999938964844,1377400,0.0,0.0
15-12-2021,60.630001068115234,61.18000030517578,57.439998626708984,60.970001220703125,1854100,0.0,0.0
16-12-2021,61.63999938964844,62.54999923706055,59.779998779296875,60.65999984741211,2031300,0.0,0.0
17-12-2021,59.099998474121094,60.400001525878906,56.20000076293945,60.0,5666900,0.0,0.0
20-12-2021,58.50899887084961,60.130001068115234,56.599998474121094,59.900001525878906,2706600,0.0,0.0
21-12-2021,60.58000183105469,62.45000076293945,59.75,62.2400016784668,2132300,0.0,0.0
22-12-2021,62.152000427246094,62.45000076293945,60.529998779296875,62.43000030517578,840500,0.0,0.0
23-12-2021,62.279998779296875,63.869998931884766,61.0,61.709999084472656,751200,0.0,0.0
27-12-2021,62.0,64.38999938964844,61.630001068115234,64.0,756200,0.0,0.0
28-12-2021,64.7699966430664,67.4749984741211,64.05000305175781,65.37999725341797,1039000,0.0,0.0
29-12-2021,65.2699966430664,66.33000183105469,63.04999923706055,63.79999923706055,734400,0.0,0.0
30-12-2021,64.0,65.36000061035156,63.43000030517578,64.48999786376953,1051100,0.0,0.0
31-12-2021,64.48999786376953,65.55000305175781,63.77000045776367,64.97000122070312,866100,0.0,0.0
03-01-2022,65.08999633789062,67.38999938964844,64.3499984741211,66.7300033569336,1766500,0.0,0.0
04-01-2022,67.31999969482422,69.33999633789062,63.90999984741211,65.70999908447266,1988400,0.0,0.0
05-01-2022,64.62999725341797,66.12000274658203,62.2599983215332,62.54999923706055,1907400,0.0,0.0
06-01-2022,62.13999938964844,63.470001220703125,60.25,61.5099983215332,1155500,0.0,0.0
07-01-2022,61.11000061035156,61.70000076293945,58.310001373291016,60.0099983215332,1175800,0.0,0.0
10-01-2022,58.779998779296875,59.880001068115234,56.189998626708984,59.7599983215332,1610400,0.0,0.0
11-01-2022,59.7599983215332,62.47999954223633,58.79999923706055,62.13999938964844,1118100,0.0,0.0
12-01-2022,62.9640007019043,64.09700012207031,61.209999084472656,62.04999923706055,790600,0.0,0.0
13-01-2022,63.099998474121094,63.369998931884766,59.150001525878906,59.349998474121094,1739700,0.0,0.0
14-01-2022,59.0,60.20000076293945,57.2599983215332,59.599998474121094,910300,0.0,0.0
18-01-2022,58.77000045776367,59.970001220703125,57.529998779296875,57.939998626708984,1428000,0.0,0.0
19-01-2022,58.029998779296875,58.43000030517578,55.72999954223633,56.66999816894531,3384700,0.0,0.0
20-01-2022,57.119998931884766,57.66999816894531,53.5099983215332,53.529998779296875,2321500,0.0,0.0
21-01-2022,52.09000015258789,52.5,49.459999084472656,51.25,4229100,0.0,0.0
24-01-2022,48.0,50.529998779296875,45.66999816894531,50.439998626708984,3712700,0.0,0.0
25-01-2022,48.560001373291016,49.11000061035156,46.709999084472656,46.869998931884766,2295800,0.0,0.0
26-01-2022,49.4900016784668,51.16999816894531,47.22999954223633,47.599998474121094,2929200,0.0,0.0
27-01-2022,49.0,49.77000045776367,43.91999816894531,44.709999084472656,5039400,0.0,0.0
28-01-2022,44.709999084472656,46.58000183105469,43.59000015258789,46.09000015258789,2978200,0.0,0.0
31-01-2022,46.34000015258789,49.4900016784668,45.959999084472656,49.34000015258789,1914200,0.0,0.0
01-02-2022,49.83000183105469,50.720001220703125,49.45800018310547,50.09000015258789,1587000,0.0,0.0
02-02-2022,51.880001068115234,51.880001068115234,49.599998474121094,50.349998474121094,1592300,0.0,0.0
03-02-2022,49.0,50.939998626708984,48.650001525878906,49.34000015258789,1940900,0.0,0.0
04-02-2022,49.40999984741211,52.29999923706055,48.70000076293945,52.06999969482422,2250600,0.0,0.0
07-02-2022,52.70000076293945,55.599998474121094,52.209999084472656,54.4900016784668,3346900,0.0,0.0
08-02-2022,53.79999923706055,56.46900177001953,53.417999267578125,56.04999923706055,3659100,0.0,0.0
09-02-2022,58.529998779296875,58.529998779296875,52.619998931884766,57.0,6095600,0.0,0.0
10-02-2022,56.029998779296875,60.9900016784668,54.5099983215332,57.790000915527344,3414000,0.0,0.0
11-02-2022,57.68000030517578,58.689998626708984,53.36000061035156,53.47999954223633,3109900,0.0,0.0
14-02-2022,53.14799880981445,55.439998626708984,53.029998779296875,54.470001220703125,1567700,0.0,0.0
15-02-2022,55.369998931884766,55.95000076293945,52.310001373291016,55.16999816894531,2983400,0.0,0.0
16-02-2022,54.959999084472656,54.959999084472656,51.71500015258789,52.93000030517578,2309600,0.0,0.0
17-02-2022,52.029998779296875,52.47999954223633,48.470001220703125,48.95000076293945,2529700,0.0,0.0
18-02-2022,49.0099983215332,51.22999954223633,48.5,49.709999084472656,2917100,0.0,0.0
22-02-2022,49.709999084472656,50.81999969482422,47.7400016784668,49.33000183105469,1577700,0.0,0.0
23-02-2022,49.880001068115234,50.790000915527344,47.65999984741211,47.95000076293945,1239800,0.0,0.0
24-02-2022,45.939998626708984,54.810001373291016,45.939998626708984,54.79999923706055,5208300,0.0,0.0
25-02-2022,54.040000915527344,57.040000915527344,52.47999954223633,57.029998779296875,4204100,0.0,0.0
28-02-2022,55.779998779296875,60.880001068115234,55.40999984741211,60.779998779296875,3105900,0.0,0.0
01-03-2022,60.5,60.63999938964844,57.599998474121094,58.220001220703125,1800100,0.0,0.0
02-03-2022,58.310001373291016,59.83000183105469,57.650001525878906,59.599998474121094,916600,0.0,0.0
03-03-2022,62.08000183105469,64.98999786376953,61.5099983215332,62.47999954223633,3400700,0.0,0.0
04-03-2022,61.38999938964844,62.56999969482422,59.75,60.689998626708984,1550500,0.0,0.0
07-03-2022,60.38999938964844,61.36000061035156,55.029998779296875,55.790000915527344,2190900,0.0,0.0
08-03-2022,55.29999923706055,58.189998626708984,52.77000045776367,56.439998626708984,1750000,0.0,0.0
09-03-2022,58.16999816894531,59.43000030517578,57.31999969482422,58.150001525878906,1425300,0.0,0.0
10-03-2022,56.939998626708984,59.58000183105469,54.959999084472656,58.880001068115234,1321300,0.0,0.0
11-03-2022,59.47999954223633,59.720001220703125,57.459999084472656,58.459999084472656,1139000,0.0,0.0
14-03-2022,58.349998474121094,59.22999954223633,56.56999969482422,58.40999984741211,1517300,0.0,0.0
15-03-2022,58.66999816894531,66.38999938964844,58.0099983215332,65.79000091552734,4094100,0.0,0.0
16-03-2022,65.30000305175781,70.54000091552734,65.26000213623047,70.26000213623047,3146000,0.0,0.0
17-03-2022,68.77999877929688,76.37999725341797,68.51100158691406,71.91000366210938,4791100,0.0,0.0
18-03-2022,72.05999755859375,77.0,71.76000213623047,76.77999877929688,3745000,0.0,0.0
21-03-2022,76.0,76.2020034790039,70.80999755859375,72.47000122070312,3083000,0.0,0.0
22-03-2022,73.0,75.41000366210938,72.77999877929688,73.87999725341797,2206700,0.0,0.0
23-03-2022,72.54000091552734,75.43000030517578,69.95999908447266,70.08999633789062,3641000,0.0,0.0
24-03-2022,71.62000274658203,77.47000122070312,70.62000274658203,76.22000122070312,3591500,0.0,0.0
25-03-2022,76.4000015258789,79.48999786376953,74.0999984741211,78.94000244140625,4247400,0.0,0.0
28-03-2022,78.69999694824219,78.69999694824219,71.30000305175781,73.9000015258789,3416600,0.0,0.0
29-03-2022,74.7699966430664,74.7699966430664,69.31999969482422,74.62999725341797,3797900,0.0,0.0
30-03-2022,74.44000244140625,75.4800033569336,66.54000091552734,67.0199966430664,4527400,0.0,0.0
31-03-2022,67.31999969482422,67.66899871826172,62.40999984741211,62.41999816894531,3846400,0.0,0.0
01-04-2022,62.79999923706055,63.529998779296875,59.47999954223633,60.7400016784668,2951100,0.0,0.0
04-04-2022,61.02000045776367,64.0,60.119998931884766,62.290000915527344,1872500,0.0,0.0
05-04-2022,61.369998931884766,61.97999954223633,57.220001220703125,58.400001525878906,3234900,0.0,0.0
06-04-2022,56.58000183105469,58.5099983215332,55.38999938964844,56.900001525878906,2510700,0.0,0.0
07-04-2022,56.5,57.95000076293945,55.70500183105469,56.189998626708984,2021000,0.0,0.0
08-04-2022,55.810001373291016,56.45000076293945,54.2599983215332,54.75,1563300,0.0,0.0
11-04-2022,53.599998474121094,55.439998626708984,51.86000061035156,54.040000915527344,1716000,0.0,0.0
12-04-2022,55.220001220703125,56.15999984741211,52.75,53.290000915527344,3008700,0.0,0.0
13-04-2022,53.560001373291016,54.84000015258789,52.93600082397461,54.83000183105469,1472700,0.0,0.0
14-04-2022,55.0,55.25,50.816001892089844,52.099998474121094,2125600,0.0,0.0
18-04-2022,52.0,53.09000015258789,51.150001525878906,52.650001525878906,1289000,0.0,0.0
19-04-2022,52.77000045776367,53.459999084472656,51.5,52.88999938964844,1180400,0.0,0.0
20-04-2022,54.2599983215332,54.28799819946289,52.060001373291016,53.189998626708984,2143200,0.0,0.0
21-04-2022,53.84000015258789,55.0,51.349998474121094,52.040000915527344,2490900,0.0,0.0
22-04-2022,51.40999984741211,53.224998474121094,50.220001220703125,50.7400016784668,1445800,0.0,0.0
25-04-2022,50.2400016784668,52.77000045776367,49.279998779296875,52.720001220703125,1538800,0.0,0.0
26-04-2022,52.7400016784668,52.95000076293945,49.439998626708984,49.5,2164700,0.0,0.0
27-04-2022,49.4900016784668,52.439998626708984,48.77000045776367,51.63999938964844,1845700,0.0,0.0
28-04-2022,52.56999969482422,54.54999923706055,51.91999816894531,54.060001373291016,1400600,0.0,0.0
29-04-2022,53.43000030517578,55.970001220703125,52.27000045776367,52.290000915527344,1353600,0.0,0.0
02-05-2022,52.060001373291016,53.86000061035156,50.0,53.77000045776367,1913500,0.0,0.0
03-05-2022,53.77000045776367,54.70000076293945,52.29999923706055,54.18000030517578,1177600,0.0,0.0
04-05-2022,54.540000915527344,56.529998779296875,52.540000915527344,56.5099983215332,1454400,0.0,0.0
05-05-2022,55.70000076293945,56.33000183105469,53.61000061035156,54.93000030517578,1386600,0.0,0.0
06-05-2022,53.88999938964844,57.11000061035156,53.13999938964844,56.369998931884766,1715200,0.0,0.0
09-05-2022,54.75,56.54999923706055,50.65999984741211,52.279998779296875,2574100,0.0,0.0
10-05-2022,53.33000183105469,55.34000015258789,49.029998779296875,52.72999954223633,3187900,0.0,0.0
11-05-2022,51.599998474121094,54.20000076293945,48.16999816894531,49.029998779296875,5131600,0.0,0.0
12-05-2022,48.0099983215332,50.7400016784668,46.189998626708984,49.70000076293945,3299400,0.0,0.0
13-05-2022,50.52000045776367,53.2400016784668,50.5,52.77000045776367,2418800,0.0,0.0
16-05-2022,51.529998779296875,54.349998474121094,50.33000183105469,53.099998474121094,2063500,0.0,0.0
17-05-2022,53.7400016784668,56.0,53.060001373291016,56.0,2879300,0.0,0.0
18-05-2022,54.20000076293945,57.09000015258789,53.040000915527344,53.689998626708984,1478100,0.0,0.0
19-05-2022,53.0,55.709999084472656,52.87099838256836,54.22999954223633,1732600,0.0,0.0
20-05-2022,55.0,55.119998931884766,52.29999923706055,55.0,1673800,0.0,0.0
23-05-2022,53.77000045776367,54.779998779296875,52.029998779296875,54.540000915527344,1429900,0.0,0.0
24-05-2022,52.689998626708984,55.720001220703125,51.400001525878906,55.47999954223633,3480700,0.0,0.0
25-05-2022,54.400001525878906,59.34000015258789,53.689998626708984,58.619998931884766,2768000,0.0,0.0
26-05-2022,57.529998779296875,60.0,56.599998474121094,59.4900016784668,2248400,0.0,0.0
27-05-2022,59.709999084472656,61.16999816894531,59.29999923706055,60.099998474121094,2701400,0.0,0.0
31-05-2022,58.95000076293945,60.40999984741211,58.0099983215332,59.689998626708984,2464400,0.0,0.0
01-06-2022,59.4900016784668,61.880001068115234,56.06999969482422,58.119998931884766,2554100,0.0,0.0
02-06-2022,57.11000061035156,60.33000183105469,57.08000183105469,59.61000061035156,1571900,0.0,0.0
03-06-2022,57.470001220703125,59.82400131225586,57.38999938964844,58.7599983215332,1285600,0.0,0.0
06-06-2022,59.470001220703125,60.689998626708984,57.0099983215332,57.22999954223633,1554300,0.0,0.0
07-06-2022,56.08000183105469,56.560001373291016,54.849998474121094,56.5099983215332,1641500,0.0,0.0
08-06-2022,55.439998626708984,56.900001525878906,54.2599983215332,54.7400016784668,1015500,0.0,0.0
09-06-2022,54.18000030517578,55.76499938964844,53.029998779296875,53.14500045776367,1197000,0.0,0.0
10-06-2022,51.65999984741211,52.060001373291016,50.25,51.75,2219900,0.0,0.0
13-06-2022,50.0,50.915000915527344,48.08000183105469,48.5099983215332,2348200,0.0,0.0
14-06-2022,48.630001068115234,49.34000015258789,47.16999816894531,47.38999938964844,1914600,0.0,0.0
15-06-2022,48.0,50.22999954223633,47.849998474121094,49.459999084472656,1609300,0.0,0.0
16-06-2022,47.630001068115234,48.08000183105469,44.94499969482422,45.43000030517578,1916200,0.0,0.0
17-06-2022,45.529998779296875,46.87799835205078,44.65999984741211,44.86000061035156,2845900,0.0,0.0
21-06-2022,45.709999084472656,47.45000076293945,45.349998474121094,45.439998626708984,1395600,0.0,0.0
22-06-2022,44.43000030517578,45.400001525878906,43.79999923706055,44.810001373291016,2779400,0.0,0.0
23-06-2022,45.619998931884766,45.68000030517578,43.130001068115234,43.65999984741211,3027300,0.0,0.0
24-06-2022,43.790000915527344,46.2599983215332,43.790000915527344,45.88999938964844,3116600,0.0,0.0
27-06-2022,45.7599983215332,46.266998291015625,44.88999938964844,45.41999816894531,1363400,0.0,0.0
28-06-2022,45.61000061035156,46.40999984741211,43.96500015258789,44.369998931884766,2291400,0.0,0.0
29-06-2022,43.900001525878906,43.90999984741211,42.52000045776367,43.060001373291016,1591200,0.0,0.0
30-06-2022,42.459999084472656,42.75,39.7599983215332,40.34000015258789,3134900,0.0,0.0
01-07-2022,39.47999954223633,39.5,37.599998474121094,38.810001373291016,3541500,0.0,0.0
05-07-2022,37.90999984741211,40.58000183105469,36.810001373291016,40.56999969482422,2375800,0.0,0.0
06-07-2022,40.18000030517578,42.47999954223633,40.18000030517578,41.08000183105469,2703500,0.0,0.0
07-07-2022,41.869998931884766,43.83000183105469,41.7599983215332,43.34000015258789,2169100,0.0,0.0
08-07-2022,42.369998931884766,45.439998626708984,41.68000030517578,45.27000045776367,2591500,0.0,0.0
11-07-2022,44.709999084472656,44.709999084472656,41.86000061035156,42.88999938964844,1854400,0.0,0.0
12-07-2022,42.349998474121094,43.0099983215332,40.9900016784668,41.47999954223633,3120900,0.0,0.0
13-07-2022,40.970001220703125,42.400001525878906,40.619998931884766,41.83000183105469,1999300,0.0,0.0
14-07-2022,41.97999954223633,44.459999084472656,41.310001373291016,44.41999816894531,1917000,0.0,0.0
15-07-2022,44.84000015258789,46.119998931884766,44.41999816894531,45.970001220703125,3298300,0.0,0.0
18-07-2022,46.939998626708984,47.090999603271484,44.59000015258789,45.09000015258789,2827900,0.0,0.0
19-07-2022,45.38999938964844,47.67499923706055,44.41999816894531,46.849998474121094,2672800,0.0,0.0
20-07-2022,46.59000015258789,48.68000030517578,46.16999816894531,48.52000045776367,1607300,0.0,0.0
21-07-2022,48.279998779296875,49.20000076293945,47.33100128173828,48.65999984741211,1767600,0.0,0.0
22-07-2022,48.38999938964844,48.900001525878906,47.61000061035156,48.15999984741211,1502100,0.0,0.0
25-07-2022,47.68000030517578,47.7599983215332,44.68600082397461,46.349998474121094,2869500,0.0,0.0
26-07-2022,46.09000015258789,46.21799850463867,45.18000030517578,46.130001068115234,1365300,0.0,0.0
27-07-2022,47.16999816894531,47.84000015258789,46.52000045776367,47.43000030517578,1911200,0.0,0.0
28-07-2022,47.439998626708984,48.66999816894531,46.0099983215332,47.400001525878906,1587000,0.0,0.0
29-07-2022,47.34000015258789,52.0,46.959999084472656,51.47999954223633,4238400,0.0,0.0
01-08-2022,51.18000030517578,58.279998779296875,51.1150016784668,54.540000915527344,6242900,0.0,0.0
02-08-2022,53.560001373291016,54.630001068115234,52.08000183105469,52.75,2538900,0.0,0.0
03-08-2022,52.619998931884766,54.540000915527344,52.19499969482422,54.09000015258789,1638300,0.0,0.0
04-08-2022,53.400001525878906,53.75,51.58000183105469,53.630001068115234,2531600,0.0,0.0
05-08-2022,52.93000030517578,53.599998474121094,51.84299850463867,53.09000015258789,1601000,0.0,0.0
08-08-2022,53.43000030517578,59.57500076293945,53.29999923706055,59.189998626708984,5421300,0.0,0.0
09-08-2022,61.900001525878906,62.08000183105469,54.349998474121094,55.66999816894531,4050400,0.0,0.0
10-08-2022,57.20000076293945,58.970001220703125,56.810001373291016,57.70000076293945,3277600,0.0,0.0
11-08-2022,57.70000076293945,60.4900016784668,57.34000015258789,58.04999923706055,2438700,0.0,0.0
12-08-2022,58.41999816894531,65.95999908447266,58.349998474121094,64.94999694824219,7078500,0.0,0.0
15-08-2022,63.5,64.94000244140625,62.18000030517578,63.22999954223633,2105200,0.0,0.0
16-08-2022,62.23500061035156,64.69000244140625,61.60100173950195,63.959999084472656,1692300,0.0,0.0
17-08-2022,62.06999969482422,63.400001525878906,60.83000183105469,61.470001220703125,1719900,0.0,0.0
18-08-2022,61.34000015258789,64.5,61.15999984741211,64.1500015258789,2081100,0.0,0.0
19-08-2022,61.97999954223633,62.97999954223633,60.54999923706055,61.20000076293945,1731600,0.0,0.0
22-08-2022,59.36000061035156,60.4900016784668,58.59000015258789,59.040000915527344,1455600,0.0,0.0
23-08-2022,59.0,61.595001220703125,59.0,59.86000061035156,987800,0.0,0.0
24-08-2022,59.540000915527344,61.334999084472656,59.4119987487793,60.400001525878906,815800,0.0,0.0
25-08-2022,60.63999938964844,64.73999786376953,60.63999938964844,64.5,2802200,0.0,0.0
26-08-2022,63.689998626708984,64.30000305175781,60.18000030517578,60.650001525878906,2303500,0.0,0.0
29-08-2022,59.650001525878906,61.32500076293945,58.90999984741211,59.040000915527344,1099400,0.0,0.0
30-08-2022,59.5099983215332,61.65999984741211,58.810001373291016,61.11000061035156,2187300,0.0,0.0
31-08-2022,60.9900016784668,62.334999084472656,58.900001525878906,59.81999969482422,1856800,0.0,0.0
01-09-2022,59.16999816894531,59.17499923706055,55.79999923706055,57.43000030517578,2405300,0.0,0.0
02-09-2022,58.099998474121094,58.79499816894531,56.36000061035156,57.880001068115234,1312000,0.0,0.0
06-09-2022,58.15999984741211,59.97999954223633,57.0,58.900001525878906,3869100,0.0,0.0
07-09-2022,58.400001525878906,60.57600021362305,58.02000045776367,59.77000045776367,1751500,0.0,0.0
08-09-2022,59.38999938964844,62.18000030517578,58.52000045776367,60.220001220703125,2558000,0.0,0.0
09-09-2022,60.630001068115234,62.189998626708984,59.869998931884766,60.18000030517578,1749300,0.0,0.0
12-09-2022,59.91999816894531,61.689998626708984,59.2599983215332,60.34000015258789,1694900,0.0,0.0
13-09-2022,58.25,59.369998931884766,56.619998931884766,56.880001068115234,1782400,0.0,0.0
14-09-2022,57.13999938964844,58.880001068115234,56.75,58.31999969482422,1300100,0.0,0.0
15-09-2022,58.209999084472656,59.25,57.36000061035156,58.4900016784668,983000,0.0,0.0
16-09-2022,58.38999938964844,58.70000076293945,56.529998779296875,57.61000061035156,4092800,0.0,0.0
19-09-2022,56.2599983215332,58.529998779296875,56.060001373291016,57.90999984741211,1433400,0.0,0.0
20-09-2022,57.119998931884766,57.97999954223633,56.5,56.81999969482422,752600,0.0,0.0
21-09-2022,57.209999084472656,59.09199905395508,56.2599983215332,56.290000915527344,1351300,0.0,0.0
22-09-2022,55.70000076293945,56.34000015258789,53.65999984741211,54.86000061035156,1819100,0.0,0.0
23-09-2022,53.88999938964844,54.47999954223633,51.45000076293945,53.25,1873100,0.0,0.0
26-09-2022,52.91999816894531,54.209999084472656,52.369998931884766,52.79999923706055,885100,0.0,0.0
27-09-2022,53.47999954223633,54.18000030517578,52.34000015258789,52.880001068115234,1161200,0.0,0.0
28-09-2022,52.08000183105469,52.709999084472656,51.47999954223633,52.45000076293945,1468100,0.0,0.0
29-09-2022,51.237998962402344,51.5,48.94499969482422,50.130001068115234,1805700,0.0,0.0
30-09-2022,49.709999084472656,50.88999938964844,48.279998779296875,48.349998474121094,1494200,0.0,0.0
03-10-2022,48.880001068115234,49.83000183105469,47.439998626708984,49.83000183105469,2024500,0.0,0.0
04-10-2022,51.2400016784668,52.7400016784668,51.220001220703125,52.06999969482422,1266000,0.0,0.0
05-10-2022,50.81999969482422,53.11000061035156,49.86000061035156,53.02000045776367,1148200,0.0,0.0
06-10-2022,52.939998626708984,54.5099983215332,52.65999984741211,53.529998779296875,1555300,0.0,0.0
07-10-2022,51.0,52.560001373291016,50.18000030517578,50.7400016784668,1273500,0.0,0.0
10-10-2022,50.599998474121094,50.790000915527344,49.150001525878906,49.279998779296875,1092300,0.0,0.0
11-10-2022,48.04999923706055,50.71900177001953,47.470001220703125,50.02000045776367,2034800,0.0,0.0
12-10-2022,50.09000015258789,50.380001068115234,49.060001373291016,49.91999816894531,930100,0.0,0.0
13-10-2022,47.439998626708984,51.0099983215332,46.52000045776367,50.4900016784668,2397500,0.0,0.0
14-10-2022,51.0,51.369998931884766,47.880001068115234,48.040000915527344,1679800,0.0,0.0
17-10-2022,49.18000030517578,49.959999084472656,48.5,49.709999084472656,1356500,0.0,0.0
18-10-2022,51.59000015258789,52.88999938964844,50.689998626708984,52.380001068115234,1666200,0.0,0.0
19-10-2022,51.814998626708984,53.459999084472656,51.630001068115234,52.63999938964844,1090600,0.0,0.0
20-10-2022,53.08000183105469,54.970001220703125,52.54999923706055,53.279998779296875,1212900,0.0,0.0
21-10-2022,52.7400016784668,55.459999084472656,52.279998779296875,55.279998779296875,1267800,0.0,0.0
24-10-2022,55.25,59.560001373291016,55.25,58.7599983215332,3119400,0.0,0.0
25-10-2022,58.560001373291016,61.13999938964844,58.38999938964844,58.41999816894531,2064400,0.0,0.0
26-10-2022,57.45000076293945,58.86000061035156,55.652000427246094,57.13999938964844,1615300,0.0,0.0
27-10-2022,57.16999816894531,57.880001068115234,55.45000076293945,55.66999816894531,1264000,0.0,0.0
28-10-2022,54.880001068115234,57.959999084472656,54.880001068115234,57.25,1662200,0.0,0.0
31-10-2022,56.709999084472656,56.939998626708984,54.880001068115234,56.70000076293945,1357800,0.0,0.0
01-11-2022,58.09000015258789,58.755001068115234,56.189998626708984,57.0099983215332,1292100,0.0,0.0
02-11-2022,57.029998779296875,58.4900016784668,56.060001373291016,56.369998931884766,1600800,0.0,0.0
03-11-2022,54.31999969482422,54.375,51.0099983215332,52.689998626708984,2483200,0.0,0.0
04-11-2022,54.279998779296875,54.78300094604492,51.84000015258789,54.16999816894531,1989800,0.0,0.0
07-11-2022,54.68000030517578,56.619998931884766,53.650001525878906,56.27000045776367,1921900,0.0,0.0
08-11-2022,61.119998931884766,62.97999954223633,56.41999816894531,61.119998931884766,4894800,0.0,0.0
09-11-2022,59.25,61.470001220703125,58.22200012207031,61.0,2736400,0.0,0.0
10-11-2022,62.900001525878906,63.689998626708984,60.20399856567383,62.70000076293945,4138100,0.0,0.0
11-11-2022,63.25,66.0,62.0099983215332,64.7699966430664,3547000,0.0,0.0
14-11-2022,64.0999984741211,65.63999938964844,63.39799880981445,65.02999877929688,1740200,0.0,0.0
15-11-2022,67.47000122070312,67.97000122070312,65.6259994506836,66.58000183105469,3108700,0.0,0.0
16-11-2022,65.48500061035156,65.52999877929688,62.90999984741211,64.23999786376953,1512100,0.0,0.0
17-11-2022,62.6150016784668,66.86000061035156,61.61000061035156,66.63999938964844,1673500,0.0,0.0
18-11-2022,67.66999816894531,67.83000183105469,66.13899993896484,67.44999694824219,1529400,0.0,0.0
21-11-2022,66.12999725341797,67.38999938964844,65.98999786376953,66.06999969482422,1006100,0.0,0.0
22-11-2022,66.19000244140625,68.125,65.43000030517578,67.31999969482422,1698800,0.0,0.0
23-11-2022,67.11000061035156,68.47000122070312,66.73999786376953,67.58000183105469,1283300,0.0,0.0
25-11-2022,67.04000091552734,68.0,66.41000366210938,67.61000061035156,452100,0.0,0.0
28-11-2022,66.87000274658203,67.27999877929688,63.599998474121094,63.900001525878906,1782700,0.0,0.0
29-11-2022,64.0999984741211,64.25,62.709999084472656,62.869998931884766,2061800,0.0,0.0
30-11-2022,62.5,64.44999694824219,60.45000076293945,64.3499984741211,2418500,0.0,0.0
01-12-2022,64.31999969482422,64.43000030517578,61.869998931884766,63.65999984741211,1617000,0.0,0.0
02-12-2022,61.880001068115234,62.689998626708984,60.720001220703125,62.540000915527344,1755200,0.0,0.0
05-12-2022,62.439998626708984,62.95000076293945,61.40999984741211,62.13999938964844,1340300,0.0,0.0
06-12-2022,61.77000045776367,62.2400016784668,60.22999954223633,60.810001373291016,1163300,0.0,0.0
07-12-2022,60.02000045776367,61.62300109863281,59.77000045776367,60.900001525878906,1125400,0.0,0.0
08-12-2022,61.29999923706055,62.63999938964844,60.709999084472656,62.41999816894531,1866400,0.0,0.0
09-12-2022,62.31999969482422,64.56500244140625,61.86000061035156,63.41999816894531,1297900,0.0,0.0
12-12-2022,64.05999755859375,66.86000061035156,63.814998626708984,66.81999969482422,3411800,0.0,0.0
13-12-2022,68.80000305175781,69.29499816894531,65.28500366210938,65.4000015258789,2776200,0.0,0.0
14-12-2022,65.97000122070312,67.40499877929688,65.30999755859375,65.5,2752300,0.0,0.0
15-12-2022,64.75,64.77999877929688,61.79999923706055,61.86000061035156,2738300,0.0,0.0
16-12-2022,61.316001892089844,63.40999984741211,58.790000915527344,60.029998779296875,25953400,0.0,0.0
19-12-2022,59.630001068115234,59.939998626708984,57.5,58.06999969482422,2072900,0.0,0.0
20-12-2022,57.4900016784668,58.310001373291016,57.0,57.59000015258789,1569300,0.0,0.0
21-12-2022,57.79999923706055,58.849998474121094,56.560001373291016,57.5,1694400,0.0,0.0
22-12-2022,56.22999954223633,56.720001220703125,53.900001525878906,55.18000030517578,1858100,0.0,0.0
23-12-2022,54.47999954223633,54.84000015258789,53.630001068115234,54.7400016784668,747100,0.0,0.0
27-12-2022,54.7400016784668,54.90999984741211,53.29999923706055,53.630001068115234,1072600,0.0,0.0
28-12-2022,53.209999084472656,53.965999603271484,52.150001525878906,52.290000915527344,853300,0.0,0.0
29-12-2022,52.939998626708984,54.16999816894531,52.54999923706055,53.810001373291016,1191500,0.0,0.0
30-12-2022,53.029998779296875,54.005001068115234,52.45000076293945,53.88999938964844,1246300,0.0,0.0
03-01-2023,53.93000030517578,54.11000061035156,50.400001525878906,51.70000076293945,2295700,0.0,0.0
04-01-2023,52.75,53.61000061035156,52.380001068115234,52.90999984741211,1462500,0.0,0.0
05-01-2023,51.05500030517578,52.40999984741211,50.900001525878906,51.02000045776367,1361800,0.0,0.0
06-01-2023,51.92499923706055,53.04999923706055,51.209999084472656,52.75,2145600,0.0,0.0
09-01-2023,53.61000061035156,56.268001556396484,53.310001373291016,55.380001068115234,1216300,0.0,0.0
10-01-2023,54.849998474121094,55.81999969482422,54.65999984741211,55.40999984741211,802500,0.0,0.0
11-01-2023,55.41999816894531,57.79999923706055,54.95000076293945,57.06999969482422,1354200,0.0,0.0
12-01-2023,57.0,58.439998626708984,55.529998779296875,58.290000915527344,1250500,0.0,0.0
13-01-2023,58.0,59.18000030517578,57.7400016784668,59.13999938964844,1108100,0.0,0.0
17-01-2023,58.404998779296875,59.29999923706055,58.02000045776367,59.040000915527344,1335400,0.0,0.0
18-01-2023,59.720001220703125,60.43000030517578,57.85499954223633,58.099998474121094,1371800,0.0,0.0
19-01-2023,57.0099983215332,57.599998474121094,55.5,55.54999923706055,1222900,0.0,0.0
20-01-2023,55.54999923706055,56.880001068115234,53.95000076293945,56.45000076293945,1764000,0.0,0.0
23-01-2023,56.779998779296875,59.75,56.209999084472656,58.65999984741211,2277600,0.0,0.0
24-01-2023,58.02000045776367,59.04999923706055,57.58000183105469,59.0099983215332,1360200,0.0,0.0
25-01-2023,57.84000015258789,59.189998626708984,56.84000015258789,58.70000076293945,1188000,0.0,0.0
26-01-2023,59.33000183105469,60.47999954223633,58.560001373291016,60.13999938964844,1089500,0.0,0.0
27-01-2023,59.22999954223633,59.95000076293945,59.08000183105469,59.2400016784668,1336900,0.0,0.0
30-01-2023,58.15999984741211,59.040000915527344,57.16999816894531,57.5099983215332,1177600,0.0,0.0
31-01-2023,57.41999816894531,59.31999969482422,56.619998931884766,59.279998779296875,1214900,0.0,0.0
01-02-2023,59.45000076293945,64.02999877929688,59.380001068115234,63.189998626708984,1634400,0.0,0.0
02-02-2023,63.69499969482422,65.33999633789062,62.13999938964844,64.79000091552734,2397900,0.0,0.0
03-02-2023,63.810001373291016,64.83000183105469,62.7599983215332,63.25,1716600,0.0,0.0
06-02-2023,61.4900016784668,62.599998474121094,61.25,61.4900016784668,865600,0.0,0.0
07-02-2023,61.59000015258789,63.43000030517578,61.13999938964844,63.0,2359400,0.0,0.0
08-02-2023,62.52000045776367,63.7599983215332,62.31999969482422,62.720001220703125,1778000,0.0,0.0
09-02-2023,63.849998474121094,66.43499755859375,63.849998474121094,64.9000015258789,2923700,0.0,0.0
10-02-2023,64.2699966430664,64.93000030517578,63.41999816894531,64.58999633789062,1725000,0.0,0.0
13-02-2023,65.41000366210938,66.30000305175781,64.65499877929688,66.1500015258789,2359400,0.0,0.0
14-02-2023,68.0,72.5,66.5999984741211,71.7300033569336,6877400,0.0,0.0
15-02-2023,69.12799835205078,70.48999786376953,66.77999877929688,69.91999816894531,4296600,0.0,0.0
16-02-2023,67.68000030517578,71.18000030517578,67.5999984741211,69.52999877929688,2370500,0.0,0.0
17-02-2023,68.62000274658203,69.41000366210938,66.66000366210938,67.16000366210938,1857300,0.0,0.0
21-02-2023,65.96199798583984,66.73999786376953,62.66999816894531,63.11000061035156,2560400,0.0,0.0
22-02-2023,63.08000183105469,64.3499984741211,62.52000045776367,63.220001220703125,1328400,0.0,0.0
23-02-2023,65.70999908447266,66.0,62.441001892089844,64.43000030517578,1342600,0.0,0.0
24-02-2023,62.900001525878906,64.94000244140625,62.779998779296875,64.69000244140625,1105100,0.0,0.0
27-02-2023,65.27999877929688,65.86499786376953,64.72000122070312,64.88999938964844,1161700,0.0,0.0
28-02-2023,65.04000091552734,66.12999725341797,64.63999938964844,65.33999633789062,1201000,0.0,0.0
01-03-2023,65.58999633789062,67.2699966430664,64.87999725341797,65.11000061035156,1319400,0.0,0.0
02-03-2023,63.45000076293945,65.70999908447266,62.84000015258789,65.54000091552734,884000,0.0,0.0
03-03-2023,65.62999725341797,66.88999938964844,65.33000183105469,66.70999908447266,986200,0.0,0.0
06-03-2023,67.0,67.92500305175781,66.04000091552734,66.19000244140625,822400,0.0,0.0
07-03-2023,66.30000305175781,67.0999984741211,64.56999969482422,65.05999755859375,1144700,0.0,0.0
08-03-2023,65.55000305175781,67.97000122070312,65.4000015258789,67.51000213623047,1352900,0.0,0.0
09-03-2023,67.5,68.5999984741211,65.93000030517578,66.4000015258789,1331500,0.0,0.0
10-03-2023,66.7300033569336,66.80000305175781,63.47999954223633,64.19999694824219,1010300,0.0,0.0
13-03-2023,63.88999938964844,65.08000183105469,62.58000183105469,64.05000305175781,1066900,0.0,0.0
14-03-2023,64.73999786376953,66.87000274658203,64.73999786376953,65.8499984741211,1059900,0.0,0.0
15-03-2023,64.95999908447266,65.4000015258789,62.959999084472656,64.75,1678600,0.0,0.0
16-03-2023,64.54000091552734,67.18000030517578,64.12000274658203,66.7699966430664,1200500,0.0,0.0
17-03-2023,66.62999725341797,67.69999694824219,65.44000244140625,66.45999908447266,1994100,0.0,0.0
20-03-2023,66.5,68.16999816894531,65.9000015258789,68.08999633789062,1322100,0.0,0.0
21-03-2023,68.9000015258789,70.30000305175781,67.95999908447266,68.83999633789062,1045900,0.0,0.0
22-03-2023,69.01000213623047,70.44499969482422,68.19000244140625,68.26000213623047,1252100,0.0,0.0
23-03-2023,69.12999725341797,70.86499786376953,68.29000091552734,69.73999786376953,1479500,0.0,0.0
24-03-2023,69.41999816894531,69.86199951171875,68.30000305175781,69.05000305175781,887300,0.0,0.0
27-03-2023,69.27999877929688,69.68000030517578,67.5780029296875,67.80000305175781,715700,0.0,0.0
28-03-2023,67.5,67.6500015258789,65.5999984741211,66.25,1493100,0.0,0.0
29-03-2023,67.43000030517578,69.92500305175781,67.16000366210938,69.41999816894531,1036700,0.0,0.0
30-03-2023,70.11000061035156,71.77999877929688,69.76000213623047,70.55999755859375,1488800,0.0,0.0
31-03-2023,70.68000030517578,72.33999633789062,70.20999908447266,72.18000030517578,1315000,0.0,0.0
03-04-2023,72.0199966430664,72.37000274658203,69.82099914550781,70.70999908447266,1147300,0.0,0.0
04-04-2023,71.06999969482422,71.25900268554688,68.91000366210938,69.33999633789062,874900,0.0,0.0
05-04-2023,68.6500015258789,68.6500015258789,65.73999786376953,66.22000122070312,1588100,0.0,0.0
06-04-2023,65.54000091552734,68.51499938964844,65.29000091552734,66.9000015258789,1431700,0.0,0.0
10-04-2023,66.00199890136719,67.80000305175781,65.55999755859375,67.75,1013400,0.0,0.0
11-04-2023,68.18000030517578,68.37000274658203,67.41999816894531,67.69999694824219,905200,0.0,0.0
12-04-2023,68.54000091552734,69.0,66.0,66.05999755859375,819100,0.0,0.0
13-04-2023,65.98999786376953,66.8010025024414,65.33000183105469,65.93000030517578,1130600,0.0,0.0
14-04-2023,65.68000030517578,66.80000305175781,64.93000030517578,65.8499984741211,745000,0.0,0.0
17-04-2023,65.0999984741211,65.4800033569336,64.20999908447266,65.25,719700,0.0,0.0
18-04-2023,66.12000274658203,66.48500061035156,64.5999984741211,65.12000274658203,1220900,0.0,0.0
19-04-2023,64.18000030517578,64.38999938964844,63.56999969482422,63.97999954223633,1129000,0.0,0.0
20-04-2023,63.0,64.30599975585938,62.209999084472656,62.70000076293945,1689400,0.0,0.0
21-04-2023,62.060001373291016,62.400001525878906,60.7400016784668,61.880001068115234,1109800,0.0,0.0
24-04-2023,61.88999938964844,62.08000183105469,60.63999938964844,60.97999954223633,1027700,0.0,0.0
25-04-2023,60.369998931884766,60.369998931884766,58.2400016784668,58.470001220703125,1476400,0.0,0.0
26-04-2023,58.63999938964844,59.40999984741211,57.95000076293945,58.25,1244200,0.0,0.0
27-04-2023,58.20000076293945,58.30500030517578,57.36000061035156,58.0099983215332,1537100,0.0,0.0
28-04-2023,58.720001220703125,59.599998474121094,58.34000015258789,58.79999923706055,1633400,0.0,0.0
01-05-2023,58.790000915527344,59.380001068115234,58.459999084472656,59.18000030517578,1734300,0.0,0.0
02-05-2023,59.22999954223633,59.959999084472656,59.060001373291016,59.38999938964844,1524000,0.0,0.0
03-05-2023,59.5099983215332,60.209999084472656,59.029998779296875,59.43000030517578,1385900,0.0,0.0
04-05-2023,59.08000183105469,59.45000076293945,57.744998931884766,58.220001220703125,2326900,0.0,0.0
05-05-2023,58.439998626708984,59.83000183105469,58.22999954223633,59.40999984741211,1541900,0.0,0.0
08-05-2023,59.529998779296875,59.79999923706055,58.47999954223633,59.79999923706055,1625100,0.0,0.0
09-05-2023,55.94200134277344,56.75,54.209999084472656,54.22999954223633,5368800,0.0,0.0
10-05-2023,54.36000061035156,55.650001525878906,54.040000915527344,54.5,2085000,0.0,0.0
11-05-2023,54.369998931884766,54.84000015258789,53.5,53.97999954223633,1501900,0.0,0.0
12-05-2023,54.5099983215332,54.880001068115234,53.2400016784668,53.720001220703125,1324300,0.0,0.0
15-05-2023,53.66999816894531,55.025001525878906,53.29999923706055,54.779998779296875,992600,0.0,0.0
16-05-2023,54.45000076293945,55.11000061035156,53.78499984741211,54.22999954223633,1021500,0.0,0.0
17-05-2023,54.59000015258789,56.28799819946289,54.21500015258789,55.7400016784668,1272000,0.0,0.0
18-05-2023,56.400001525878906,57.040000915527344,55.81999969482422,56.88999938964844,1168700,0.0,0.0
19-05-2023,57.20000076293945,57.33000183105469,56.29499816894531,56.970001220703125,1050600,0.0,0.0
22-05-2023,56.970001220703125,57.59000015258789,56.630001068115234,57.400001525878906,697800,0.0,0.0
23-05-2023,56.939998626708984,57.7599983215332,56.7599983215332,57.52000045776367,1202400,0.0,0.0
24-05-2023,56.779998779296875,56.79499816894531,55.01499938964844,55.5099983215332,1314100,0.0,0.0
25-05-2023,56.61000061035156,56.90999984741211,55.040000915527344,56.40999984741211,2087900,0.0,0.0
26-05-2023,56.93000030517578,60.52000045776367,56.93000030517578,60.04999923706055,2693300,0.0,0.0
30-05-2023,62.08000183105469,62.255001068115234,59.70000076293945,60.689998626708984,1672400,0.0,0.0
31-05-2023,59.970001220703125,60.16999816894531,58.2599983215332,58.33000183105469,1656300,0.0,0.0
01-06-2023,58.810001373291016,59.564998626708984,57.35599899291992,59.349998474121094,1521000,0.0,0.0
02-06-2023,60.0,60.540000915527344,57.79999923706055,59.16999816894531,1117500,0.0,0.0
05-06-2023,58.95000076293945,58.95000076293945,56.40999984741211,56.630001068115234,1484900,0.0,0.0
06-06-2023,56.470001220703125,57.560001373291016,56.334999084472656,57.400001525878906,1160300,0.0,0.0
07-06-2023,57.689998626708984,60.28499984741211,57.689998626708984,59.20000076293945,1734100,0.0,0.0
08-06-2023,59.400001525878906,59.875,58.67499923706055,59.400001525878906,730800,0.0,0.0
09-06-2023,59.810001373291016,60.84000015258789,59.0,59.43000030517578,1154500,0.0,0.0
12-06-2023,60.29999923706055,62.33000183105469,60.130001068115234,62.29999923706055,1756000,0.0,0.0
13-06-2023,63.13999938964844,63.790000915527344,62.7599983215332,62.88999938964844,1371800,0.0,0.0
14-06-2023,62.709999084472656,63.17499923706055,61.19499969482422,62.47999954223633,1248000,0.0,0.0
15-06-2023,61.849998474121094,63.529998779296875,61.849998474121094,62.939998626708984,1116800,0.0,0.0
16-06-2023,63.720001220703125,63.720001220703125,61.779998779296875,62.459999084472656,2642500,0.0,0.0
20-06-2023,62.689998626708984,63.130001068115234,60.880001068115234,61.849998474121094,1048100,0.0,0.0
21-06-2023,61.2599983215332,61.44499969482422,59.375,59.439998626708984,928100,0.0,0.0
22-06-2023,59.13999938964844,59.849998474121094,58.720001220703125,59.61000061035156,585200,0.0,0.0
23-06-2023,58.459999084472656,58.79999923706055,57.40999984741211,57.689998626708984,1806000,0.0,0.0
26-06-2023,58.11000061035156,60.369998931884766,58.11000061035156,59.86000061035156,1549300,0.0,0.0
27-06-2023,60.16999816894531,63.029998779296875,59.56999969482422,62.83000183105469,1435600,0.0,0.0
28-06-2023,62.25,64.33000183105469,61.810001373291016,62.970001220703125,1617400,0.0,0.0
29-06-2023,63.099998474121094,63.130001068115234,61.880001068115234,63.09000015258789,1236600,0.0,0.0
30-06-2023,64.02999877929688,65.05000305175781,63.68000030517578,64.58000183105469,1259900,0.0,0.0
03-07-2023,65.08000183105469,65.34500122070312,63.7400016784668,64.73999786376953,637000,0.0,0.0
05-07-2023,64.38999938964844,64.44000244140625,63.084999084472656,63.349998474121094,718200,0.0,0.0
06-07-2023,62.06999969482422,62.19499969482422,60.84000015258789,61.790000915527344,1342800,0.0,0.0
07-07-2023,61.880001068115234,63.39500045776367,61.630001068115234,62.540000915527344,758300,0.0,0.0
10-07-2023,63.16999816894531,64.44999694824219,62.61000061035156,64.33000183105469,1778200,0.0,0.0
11-07-2023,64.33000183105469,64.38999938964844,61.66999816894531,64.19999694824219,2129300,0.0,0.0
12-07-2023,65.18000030517578,66.22000122070312,65.05999755859375,65.55000305175781,1287700,0.0,0.0
13-07-2023,66.18000030517578,66.93000030517578,65.88500213623047,66.73999786376953,1145600,0.0,0.0
14-07-2023,66.63999938964844,66.98999786376953,66.0999984741211,66.72000122070312,1020700,0.0,0.0
17-07-2023,66.66999816894531,68.56999969482422,66.45999908447266,68.0999984741211,1741000,0.0,0.0
18-07-2023,67.33000183105469,68.16999816894531,66.48100280761719,67.44999694824219,1660400,0.0,0.0
19-07-2023,67.44999694824219,67.80999755859375,66.47000122070312,66.7300033569336,1014700,0.0,0.0
20-07-2023,65.80000305175781,66.0,63.85100173950195,64.31999969482422,2411800,0.0,0.0
21-07-2023,65.25,65.5,62.89500045776367,63.75,6456200,0.0,0.0
24-07-2023,63.755001068115234,64.43000030517578,61.66999816894531,61.849998474121094,1782700,0.0,0.0
25-07-2023,61.849998474121094,63.279998779296875,61.849998474121094,62.439998626708984,1302700,0.0,0.0
26-07-2023,61.68000030517578,61.7599983215332,60.369998931884766,60.650001525878906,1502900,0.0,0.0
27-07-2023,62.189998626708984,63.77399826049805,61.04999923706055,61.459999084472656,1741400,0.0,0.0
28-07-2023,62.650001525878906,63.08000183105469,61.8650016784668,62.75,1340000,0.0,0.0
31-07-2023,62.70000076293945,63.849998474121094,62.665000915527344,63.689998626708984,1093800,0.0,0.0
01-08-2023,63.33000183105469,63.689998626708984,62.20000076293945,62.22999954223633,848400,0.0,0.0
02-08-2023,61.209999084472656,61.209999084472656,59.77000045776367,60.349998474121094,1455300,0.0,0.0
03-08-2023,59.4900016784668,60.06999969482422,58.79999923706055,59.65999984741211,1499000,0.0,0.0
04-08-2023,59.459999084472656,59.88999938964844,58.45000076293945,58.77000045776367,2299600,0.0,0.0
07-08-2023,59.20000076293945,59.71699905395508,58.4900016784668,59.150001525878906,2122000,0.0,0.0
08-08-2023,55.790000915527344,60.494998931884766,55.650001525878906,60.130001068115234,3800200,0.0,0.0
09-08-2023,59.72999954223633,60.15999984741211,58.790000915527344,59.209999084472656,1635100,0.0,0.0
10-08-2023,60.0,60.709999084472656,58.31999969482422,58.4900016784668,944200,0.0,0.0
11-08-2023,57.2400016784668,57.279998779296875,55.70000076293945,56.880001068115234,2487000,0.0,0.0
14-08-2023,56.66999816894531,58.20000076293945,56.13999938964844,58.189998626708984,962100,0.0,0.0
15-08-2023,57.689998626708984,57.94499969482422,56.72999954223633,57.16999816894531,817300,0.0,0.0
16-08-2023,56.849998474121094,57.31999969482422,55.95000076293945,55.95000076293945,1083400,0.0,0.0
17-08-2023,56.08000183105469,56.20000076293945,54.595001220703125,54.650001525878906,1583000,0.0,0.0
18-08-2023,54.349998474121094,54.54999923706055,52.97999954223633,53.90999984741211,1736100,0.0,0.0
21-08-2023,53.83000183105469,55.220001220703125,53.65999984741211,54.970001220703125,1267600,0.0,0.0
22-08-2023,55.66999816894531,55.73500061035156,53.2400016784668,54.029998779296875,1005900,0.0,0.0
23-08-2023,53.90999984741211,55.06999969482422,53.43000030517578,54.630001068115234,2268900,0.0,0.0
24-08-2023,55.279998779296875,55.279998779296875,52.04999923706055,52.16999816894531,1992800,0.0,0.0
25-08-2023,52.5,52.79999923706055,51.40999984741211,52.52000045776367,1275600,0.0,0.0
28-08-2023,53.209999084472656,53.400001525878906,52.310001373291016,52.7400016784668,841800,0.0,0.0
29-08-2023,52.119998931884766,54.77000045776367,51.95000076293945,54.529998779296875,1569900,0.0,0.0
30-08-2023,54.349998474121094,55.064998626708984,53.80699920654297,54.689998626708984,820200,0.0,0.0
31-08-2023,54.4900016784668,55.470001220703125,54.34000015258789,55.25,849800,0.0,0.0
01-09-2023,55.79999923706055,55.95000076293945,55.02000045776367,55.439998626708984,878900,0.0,0.0
05-09-2023,55.27000045776367,56.45000076293945,54.900001525878906,56.150001525878906,831900,0.0,0.0
06-09-2023,56.029998779296875,56.689998626708984,55.209999084472656,55.779998779296875,828600,0.0,0.0
07-09-2023,54.54999923706055,56.66999816894531,54.33000183105469,56.529998779296875,1712900,0.0,0.0
08-09-2023,56.59000015258789,58.459999084472656,56.54999923706055,57.9900016784668,2073900,0.0,0.0
11-09-2023,58.56999969482422,59.189998626708984,57.47999954223633,59.0099983215332,1441300,0.0,0.0
12-09-2023,58.650001525878906,60.599998474121094,58.5099983215332,60.06999969482422,1631300,0.0,0.0
13-09-2023,60.0,61.13999938964844,59.52000045776367,59.810001373291016,1145200,0.0,0.0
14-09-2023,60.45000076293945,61.060001373291016,59.23099899291992,60.7599983215332,1329700,0.0,0.0
15-09-2023,60.404998779296875,60.849998474121094,57.709999084472656,58.08000183105469,2235000,0.0,0.0
18-09-2023,57.900001525878906,58.8120002746582,57.849998474121094,58.25,848000,0.0,0.0
19-09-2023,58.189998626708984,58.189998626708984,56.7400016784668,57.86000061035156,1339300,0.0,0.0
20-09-2023,57.97999954223633,58.790000915527344,57.290000915527344,57.349998474121094,982600,0.0,0.0
21-09-2023,56.7400016784668,58.65999984741211,56.43000030517578,57.310001373291016,1928100,0.0,0.0
22-09-2023,57.77000045776367,58.36000061035156,56.720001220703125,56.83000183105469,1085400,0.0,0.0
25-09-2023,56.310001373291016,57.334999084472656,55.9900016784668,57.2599983215332,1219700,0.0,0.0
26-09-2023,56.88999938964844,57.5099983215332,55.93000030517578,56.22999954223633,1151900,0.0,0.0
27-09-2023,56.77000045776367,58.130001068115234,56.215999603271484,57.810001373291016,1246400,0.0,0.0
28-09-2023,58.189998626708984,59.869998931884766,57.29999923706055,58.599998474121094,1086200,0.0,0.0
29-09-2023,59.16999816894531,59.5,57.91999816894531,58.189998626708984,1024200,0.0,0.0
02-10-2023,57.959999084472656,58.7400016784668,57.369998931884766,57.970001220703125,1102700,0.0,0.0
03-10-2023,57.279998779296875,58.099998474121094,55.36000061035156,56.060001373291016,1444300,0.0,0.0
04-10-2023,56.47999954223633,57.380001068115234,55.81999969482422,57.060001373291016,1208500,0.0,0.0
05-10-2023,57.33000183105469,57.45000076293945,55.650001525878906,56.470001220703125,1025500,0.0,0.0
06-10-2023,55.880001068115234,57.25,55.56999969482422,56.91999816894531,1131600,0.0,0.0
09-10-2023,56.31999969482422,56.689998626708984,55.7400016784668,56.47999954223633,852500,0.0,0.0
10-10-2023,56.540000915527344,58.689998626708984,56.540000915527344,58.02000045776367,884900,0.0,0.0
11-10-2023,58.380001068115234,58.70000076293945,56.875,57.22999954223633,1183600,0.0,0.0
12-10-2023,57.41999816894531,58.529998779296875,56.875,57.22999954223633,832200,0.0,0.0
13-10-2023,57.209999084472656,57.380001068115234,55.189998626708984,55.650001525878906,997700,0.0,0.0
16-10-2023,56.0099983215332,56.84000015258789,55.6150016784668,56.52000045776367,1008100,0.0,0.0
17-10-2023,55.709999084472656,57.0,55.25,56.47999954223633,894400,0.0,0.0
18-10-2023,55.689998626708984,56.25,55.20000076293945,55.61000061035156,819400,0.0,0.0
19-10-2023,56.54999923706055,57.04999923706055,55.68000030517578,55.83000183105469,1027800,0.0,0.0
20-10-2023,56.099998474121094,56.20500183105469,54.0099983215332,54.36000061035156,1463800,0.0,0.0
23-10-2023,54.58000183105469,55.029998779296875,53.459999084472656,53.95000076293945,945700,0.0,0.0
24-10-2023,54.11000061035156,54.90999984741211,53.95000076293945,54.38999938964844,1262300,0.0,0.0
25-10-2023,53.5,53.810001373291016,51.141998291015625,51.59000015258789,1789400,0.0,0.0
26-10-2023,51.540000915527344,53.06999969482422,51.540000915527344,52.060001373291016,1223000,0.0,0.0
27-10-2023,52.40999984741211,52.7400016784668,51.720001220703125,51.97999954223633,702100,0.0,0.0
30-10-2023,51.97999954223633,52.0,49.709999084472656,49.90999984741211,1640700,0.0,0.0
31-10-2023,50.0,50.04999923706055,48.540000915527344,49.619998931884766,1502400,0.0,0.0
01-11-2023,49.75,49.75,48.1150016784668,48.849998474121094,3123700,0.0,0.0
02-11-2023,49.970001220703125,50.790000915527344,49.400001525878906,50.380001068115234,1984300,0.0,0.0
03-11-2023,51.310001373291016,53.29999923706055,51.2599983215332,52.849998474121094,1945700,0.0,0.0
06-11-2023,53.20000076293945,53.869998931884766,51.33000183105469,51.65999984741211,1932200,0.0,0.0
07-11-2023,54.5,56.459999084472656,53.0,54.27000045776367,3809000,0.0,0.0
08-11-2023,54.5099983215332,54.869998931884766,52.709999084472656,53.02000045776367,1690000,0.0,0.0
09-11-2023,53.099998474121094,53.150001525878906,50.560001373291016,50.810001373291016,1697000,0.0,0.0
10-11-2023,51.08000183105469,52.0,50.060001373291016,51.970001220703125,2371900,0.0,0.0
13-11-2023,51.41999816894531,52.400001525878906,51.130001068115234,52.130001068115234,1139700,0.0,0.0
14-11-2023,54.0099983215332,56.04999923706055,53.709999084472656,55.790000915527344,2241900,0.0,0.0
15-11-2023,56.09000015258789,57.32500076293945,55.91999816894531,56.13999938964844,1375500,0.0,0.0
16-11-2023,56.41999816894531,57.349998474121094,55.869998931884766,56.41999816894531,1039200,0.0,0.0
17-11-2023,56.5,56.720001220703125,55.95000076293945,56.310001373291016,819900,0.0,0.0
20-11-2023,56.369998931884766,58.68000030517578,56.33100128173828,58.41999816894531,1534100,0.0,0.0
21-11-2023,58.040000915527344,58.04999923706055,56.06999969482422,56.4900016784668,747400,0.0,0.0
22-11-2023,57.18000030517578,57.59000015258789,56.584999084472656,56.869998931884766,731100,0.0,0.0
24-11-2023,56.33000183105469,56.790000915527344,55.92499923706055,55.959999084472656,625600,0.0,0.0
27-11-2023,55.5099983215332,56.01499938964844,54.66999816894531,55.369998931884766,1051500,0.0,0.0
28-11-2023,55.150001525878906,55.38999938964844,54.5099983215332,54.84000015258789,788300,0.0,0.0
29-11-2023,55.689998626708984,56.59000015258789,54.849998474121094,54.95000076293945,1063500,0.0,0.0
30-11-2023,55.04999923706055,55.20000076293945,53.5,53.689998626708984,1322500,0.0,0.0
01-12-2023,53.4900016784668,54.09000015258789,53.27000045776367,53.630001068115234,1307700,0.0,0.0
04-12-2023,53.0099983215332,53.18000030517578,51.459999084472656,52.459999084472656,2478800,0.0,0.0
05-12-2023,51.95000076293945,52.189998626708984,51.189998626708984,51.619998931884766,1341000,0.0,0.0
06-12-2023,52.439998626708984,52.78499984741211,50.97999954223633,51.08000183105469,1257600,0.0,0.0
07-12-2023,51.65999984741211,53.13999938964844,51.25,52.7599983215332,2109800,0.0,0.0
08-12-2023,52.380001068115234,53.32699966430664,52.189998626708984,52.5,2969000,0.0,0.0
11-12-2023,53.349998474121094,55.959999084472656,53.279998779296875,55.349998474121094,2655900,0.0,0.0
12-12-2023,55.40999984741211,56.48500061035156,55.11000061035156,56.310001373291016,1975800,0.0,0.0
13-12-2023,56.5,57.880001068115234,55.79999923706055,57.75,1620100,0.0,0.0
14-12-2023,58.5,60.7599983215332,58.189998626708984,59.220001220703125,2387000,0.0,0.0
15-12-2023,59.220001220703125,60.255001068115234,57.970001220703125,58.75,3838300,0.0,0.0
18-12-2023,58.93000030517578,58.98899841308594,57.564998626708984,58.52000045776367,1130200,0.0,0.0
19-12-2023,58.79999923706055,59.470001220703125,58.36000061035156,58.630001068115234,796000,0.0,0.0
20-12-2023,58.25,58.95000076293945,57.90999984741211,58.040000915527344,1438200,0.0,0.0
21-12-2023,59.099998474121094,60.07899856567383,58.90999984741211,59.810001373291016,1027400,0.0,0.0
22-12-2023,60.0,60.84000015258789,59.779998779296875,60.34000015258789,855100,0.0,0.0
26-12-2023,60.72999954223633,62.130001068115234,60.624000549316406,61.9900016784668,783600,0.0,0.0
27-12-2023,62.4900016784668,62.61000061035156,61.810001373291016,62.2400016784668,829300,0.0,0.0
28-12-2023,62.61000061035156,62.61000061035156,61.29999923706055,61.5099983215332,743600,0.0,0.0
29-12-2023,61.380001068115234,61.40800094604492,60.13999938964844,60.599998474121094,962100,0.0,0.0
02-01-2024,59.869998931884766,60.4900016784668,57.46500015258789,58.0,1423400,0.0,0.0
03-01-2024,57.0,57.72999954223633,56.2400016784668,57.02000045776367,1299500,0.0,0.0
04-01-2024,55.560001373291016,56.83000183105469,55.560001373291016,55.83000183105469,975500,0.0,0.0
05-01-2024,55.91999816894531,56.779998779296875,55.599998474121094,56.040000915527344,761100,0.0,0.0
08-01-2024,56.16999816894531,59.099998474121094,56.099998474121094,58.20000076293945,1559200,0.0,0.0
09-01-2024,57.060001373291016,58.77000045776367,56.91999816894531,58.41999816894531,1257700,0.0,0.0
10-01-2024,58.11000061035156,58.11000061035156,56.84000015258789,57.18000030517578,694500,0.0,0.0
11-01-2024,57.20000076293945,57.6349983215332,56.06999969482422,56.95000076293945,773800,0.0,0.0
12-01-2024,57.27000045776367,57.76499938964844,56.70000076293945,57.38999938964844,799000,0.0,0.0
16-01-2024,56.58000183105469,56.58000183105469,54.77000045776367,55.61000061035156,1968600,0.0,0.0
17-01-2024,54.5,55.02000045776367,52.790000915527344,54.869998931884766,1619900,0.0,0.0
18-01-2024,55.959999084472656,57.154998779296875,55.150001525878906,56.77000045776367,1764900,0.0,0.0
19-01-2024,57.189998626708984,59.25,56.49599838256836,59.16999816894531,1832300,0.0,0.0
22-01-2024,59.47999954223633,59.869998931884766,57.77000045776367,58.7400016784668,1499700,0.0,0.0
23-01-2024,59.279998779296875,60.790000915527344,58.880001068115234,60.41999816894531,1389700,0.0,0.0
24-01-2024,60.86000061035156,61.4900016784668,59.90999984741211,60.27000045776367,1177200,0.0,0.0
25-01-2024,61.150001525878906,61.27000045776367,58.76499938964844,59.33000183105469,1408800,0.0,0.0
26-01-2024,58.220001220703125,58.27000045776367,55.93000030517578,56.5,2240400,0.0,0.0
29-01-2024,56.599998474121094,57.56999969482422,56.369998931884766,57.349998474121094,1381200,0.0,0.0
30-01-2024,56.720001220703125,56.95500183105469,55.994998931884766,56.470001220703125,1136400,0.0,0.0
31-01-2024,55.849998474121094,56.400001525878906,54.869998931884766,54.97999954223633,1393100,0.0,0.0
01-02-2024,55.099998474121094,55.400001525878906,54.29999923706055,54.65999984741211,1383700,0.0,0.0
02-02-2024,54.06999969482422,55.47999954223633,53.90999984741211,55.27000045776367,1114600,0.0,0.0
05-02-2024,53.119998931884766,53.599998474121094,51.54899978637695,51.564998626708984,3297600,0.0,0.0
06-02-2024,51.310001373291016,52.0099983215332,51.099998474121094,51.650001525878906,1856100,0.0,0.0
07-02-2024,52.380001068115234,52.73500061035156,51.119998931884766,52.540000915527344,1419300,0.0,0.0
08-02-2024,52.689998626708984,55.790000915527344,52.439998626708984,54.779998779296875,2453700,0.0,0.0
09-02-2024,55.04999923706055,56.2599983215332,54.650001525878906,55.939998626708984,2308400,0.0,0.0
12-02-2024,55.9900016784668,57.209999084472656,55.67499923706055,55.81999969482422,2536600,0.0,0.0
13-02-2024,53.68000030517578,56.33000183105469,53.18000030517578,54.65999984741211,4136900,0.0,0.0
14-02-2024,54.220001220703125,55.25,53.59000015258789,54.970001220703125,2578300,0.0,0.0
15-02-2024,55.439998626708984,55.61000061035156,53.75,54.33000183105469,1958200,0.0,0.0
16-02-2024,54.27000045776367,54.349998474121094,52.189998626708984,53.380001068115234,2499600,0.0,0.0
20-02-2024,55.900001525878906,56.130001068115234,53.29199981689453,54.5,4351000,0.0,0.0
21-02-2024,54.38999938964844,54.400001525878906,52.400001525878906,53.38999938964844,2084900,0.0,0.0
22-02-2024,54.5099983215332,54.77000045776367,52.900001525878906,54.11000061035156,2684400,0.0,0.0
23-02-2024,54.15999984741211,54.33300018310547,52.98500061035156,53.150001525878906,1051700,0.0,0.0
26-02-2024,53.41999816894531,54.54999923706055,53.38800048828125,54.52000045776367,973000,0.0,0.0
27-02-2024,55.0,55.099998474121094,53.470001220703125,53.5,1386300,0.0,0.0
28-02-2024,52.970001220703125,53.220001220703125,52.369998931884766,52.63999938964844,1137800,0.0,0.0
29-02-2024,53.15999984741211,54.77000045776367,52.97999954223633,54.66999816894531,1972100,0.0,0.0
01-03-2024,54.970001220703125,56.400001525878906,54.0099983215332,55.65999984741211,1474300,0.0,0.0
04-03-2024,55.939998626708984,55.9900016784668,54.5099983215332,54.619998931884766,1687900,0.0,0.0
05-03-2024,53.08000183105469,54.0099983215332,51.95000076293945,52.529998779296875,1998100,0.0,0.0
06-03-2024,52.84000015258789,53.33000183105469,52.290000915527344,52.56999969482422,1349400,0.0,0.0
07-03-2024,53.349998474121094,55.099998474121094,53.15999984741211,53.79999923706055,1429400,0.0,0.0
08-03-2024,53.441001892089844,54.13999938964844,52.220001220703125,52.40999984741211,1698900,0.0,0.0
11-03-2024,52.25,53.52000045776367,51.459999084472656,53.459999084472656,1404100,0.0,0.0
12-03-2024,53.90999984741211,54.130001068115234,52.880001068115234,54.0,1301300,0.0,0.0
13-03-2024,53.63999938964844,54.18000030517578,53.150001525878906,53.72999954223633,1057600,0.0,0.0
14-03-2024,53.70000076293945,53.79499816894531,52.13999938964844,52.560001373291016,1664500,0.0,0.0
15-03-2024,52.099998474121094,52.650001525878906,51.77299880981445,51.880001068115234,2652800,0.0,0.0
18-03-2024,52.0,52.970001220703125,51.91999816894531,52.099998474121094,1192700,0.0,0.0
19-03-2024,51.58000183105469,51.79499816894531,50.678001403808594,51.290000915527344,864400,0.0,0.0
20-03-2024,51.20000076293945,52.540000915527344,50.56999969482422,52.439998626708984,986100,0.0,0.0
21-03-2024,53.560001373291016,54.220001220703125,52.41999816894531,52.47999954223633,1118400,0.0,0.0
22-03-2024,52.22999954223633,52.54999923706055,51.66999816894531,52.209999084472656,579800,0.0,0.0
25-03-2024,51.5,52.189998626708984,51.5,51.849998474121094,519000,0.0,0.0
26-03-2024,51.90999984741211,52.18000030517578,50.599998474121094,50.790000915527344,1488900,0.0,0.0
27-03-2024,51.54999923706055,51.86000061035156,51.040000915527344,51.72999954223633,1312100,0.0,0.0
28-03-2024,51.709999084472656,52.744998931884766,51.709999084472656,52.11000061035156,988600,0.0,0.0
01-04-2024,52.369998931884766,53.20000076293945,51.709999084472656,51.790000915527344,836100,0.0,0.0
02-04-2024,51.349998474121094,51.349998474121094,50.8129997253418,51.11000061035156,885400,0.0,0.0
03-04-2024,50.66999816894531,51.4900016784668,50.31999969482422,51.22999954223633,1323000,0.0,0.0
04-04-2024,52.220001220703125,52.779998779296875,50.47999954223633,50.52000045776367,1011700,0.0,0.0
05-04-2024,50.599998474121094,51.119998931884766,49.900001525878906,50.54999923706055,994300,0.0,0.0
08-04-2024,50.099998474121094,51.150001525878906,50.02000045776367,50.2599983215332,775900,0.0,0.0
09-04-2024,50.779998779296875,52.130001068115234,50.65999984741211,51.689998626708984,1470800,0.0,0.0
10-04-2024,50.5,50.7140007019043,48.89500045776367,49.349998474121094,1876300,0.0,0.0
11-04-2024,49.72999954223633,51.46500015258789,49.20000076293945,51.189998626708984,1483000,0.0,0.0
12-04-2024,50.099998474121094,50.25,49.185001373291016,49.380001068115234,1476200,0.0,0.0
15-04-2024,50.130001068115234,50.189998626708984,46.72999954223633,47.2599983215332,2581700,0.0,0.0
16-04-2024,47.630001068115234,48.529998779296875,47.02000045776367,47.79999923706055,1175800,0.0,0.0
17-04-2024,47.709999084472656,48.2599983215332,47.20000076293945,47.36000061035156,1242900,0.0,0.0
18-04-2024,47.22999954223633,47.29999923706055,46.41999816894531,46.88999938964844,1413500,0.0,0.0
19-04-2024,46.81999969482422,47.220001220703125,46.22999954223633,46.2599983215332,2176500,0.0,0.0
22-04-2024,46.5099983215332,46.8129997253418,45.52000045776367,46.369998931884766,1286600,0.0,0.0
23-04-2024,46.290000915527344,47.08000183105469,46.189998626708984,46.349998474121094,1122900,0.0,0.0
24-04-2024,46.689998626708984,47.529998779296875,46.439998626708984,47.310001373291016,1909800,0.0,0.0
25-04-2024,47.439998626708984,48.36000061035156,47.31999969482422,47.790000915527344,1100500,0.0,0.0
26-04-2024,47.06999969482422,48.779998779296875,47.060001373291016,48.38999938964844,865300,0.0,0.0
29-04-2024,48.400001525878906,49.13999938964844,48.400001525878906,48.79999923706055,686900,0.0,0.0
30-04-2024,48.599998474121094,49.26499938964844,48.599998474121094,48.880001068115234,1471000,0.0,0.0
01-05-2024,48.22999954223633,48.56999969482422,46.970001220703125,47.040000915527344,1322800,0.0,0.0
02-05-2024,47.439998626708984,48.349998474121094,46.93000030517578,48.279998779296875,1333100,0.0,0.0
03-05-2024,48.810001373291016,50.16999816894531,48.720001220703125,49.27000045776367,1554900,0.0,0.0
06-05-2024,49.5,50.665000915527344,49.369998931884766,49.72999954223633,2046300,0.0,0.0
