Symbol,Date,Open,High,Low,Close,Volume,Trends,Sentiment
CEG,2022-01-19,37.13123957316081,42.01692899068197,37.13123957316081,41.03979110717773,129900,40.0,neutral
CEG,2022-01-20,40.01379881068262,47.264160431591634,40.01379881068262,43.97120666503906,153400,36.0,negative
CEG,2022-01-21,42.01693081325955,48.808040143690434,41.968074662462136,43.97120666503906,329500,35.0,negative
CEG,2022-01-24,43.893034054790526,43.97120687843406,40.92253757855855,41.82150268554688,110000,32.0,negative
CEG,2022-01-25,41.52836271837568,43.89303475926428,40.38511311038047,40.94012451171875,23500,30.0,negative
CEG,2022-01-26,43.98097716071108,44.02983703983429,41.28407807896017,42.23190307617188,90500,32.0,negative
CEG,2022-01-27,46.17953590287287,48.48558196269415,42.74978348507788,44.713829040527344,151600,50.0,negative
CEG,2022-01-28,43.53149029849138,46.51175998361535,43.14063739654033,45.68119430541992,43600,46.0,negative
CEG,2022-01-31,44.948346296946205,46.90262222290039,44.948346296946205,46.90262222290039,71300,48.0,positive
CEG,2022-02-01,46.41404884529157,48.856893521359545,45.9743360581023,48.64192199707031,298800,48.0,positive
CEG,2022-02-02,48.89110017089331,54.944469843362086,48.66147214219424,51.7980842590332,23860900,76.0,positive
CEG,2022-02-03,50.9968307027865,55.27669617176902,49.15004048553316,52.39413833618164,8425500,56.0,positive
CEG,2022-02-04,51.39745667591208,53.087908675277134,48.97415491305964,48.99369812011719,6757800,48.0,positive
CEG,2022-02-07,48.85689494736016,48.89598135791451,44.94834335157135,45.01674270629883,9432500,51.0,positive
CEG,2022-02-08,44.09824160890171,46.47268738845334,43.16018624016938,44.45978164672852,7277500,54.0,positive
CEG,2022-02-09,43.72692650471096,46.36519991082754,42.87681746887405,46.22840118408203,4393100,47.0,positive
CEG,2022-02-10,44.46954892532066,47.39119319759605,44.34252366858071,45.974342346191406,2450000,47.0,negative
CEG,2022-02-11,45.69096722399686,47.7918152303416,45.00697366610353,46.99056243896485,3456800,41.0,negative
CEG,2022-02-14,47.08828186912388,47.87976504129325,45.915719176631946,47.01011276245117,2155000,55.0,negative
CEG,2022-02-15,46.60948157950436,47.34233505173718,46.12091259801582,46.90262222290039,2359800,50.0,negative
CEG,2022-02-16,46.6290305245034,47.36188408692546,45.876633753118426,46.12091827392578,5855300,49.0,negative
CEG,2022-02-17,45.261028509376864,46.00365542176344,44.15686160746505,44.25457763671875,3142600,48.0,negative
CEG,2022-02-18,44.1177719907075,44.85062532126753,43.77577153328861,44.371826171875,2018700,43.0,negative
CEG,2022-02-22,44.37183305909246,44.63566074634252,42.495730030850325,42.54458618164063,2611100,42.0,negative
CEG,2022-02-23,42.6911510578722,42.9842953930287,41.21567455368437,42.1048698425293,2791200,42.0,negative
CEG,2022-02-24,42.30192966958051,43.71362650566992,41.39020762760932,43.44893264770508,2447900,35.0,negative
CEG,2022-02-25,43.4293199049447,44.0469388304264,42.88032862871438,43.0469856262207,2040700,35.0,negative
CEG,2022-02-28,42.4489744068274,45.70372231813095,41.62548374615285,45.07630157470703,5534900,35.0,negative
CEG,2022-03-01,44.72337837388338,47.105619181457605,44.45868453529482,46.850730895996094,4212900,40.0,negative
CEG,2022-03-02,47.05660699254229,49.31140199632365,46.39977698167182,48.487911224365234,3517100,45.0,negative
CEG,2022-03-03,48.84082922953684,49.3408076999285,46.61250431205151,48.54672622680664,2072200,47.0,negative
CEG,2022-03-04,48.20360398918103,50.0368534342024,47.30168759589102,49.99763870239258,2544600,52.0,positive
CEG,2022-03-07,50.056464375348526,51.54659063304895,48.88985032887909,50.63486862182617,2726900,53.0,positive
CEG,2022-03-08,50.174097237402,54.23272816159915,49.85058133546512,51.291690826416016,3873700,49.0,positive
CEG,2022-03-09,51.40934022493578,52.62497084730813,49.59570171497474,50.32115936279297,3050600,50.0,positive
CEG,2022-03-10,49.57609234400154,50.62506216798373,48.30164340960217,50.31135177612305,2692700,49.0,positive
CEG,2022-03-11,50.40938326521103,50.82113047873727,47.34090335884854,48.35065841674805,3034100,39.0,neutral
CEG,2022-03-14,50.84074214704189,50.84074214704189,47.63501040509726,49.94862747192383,2916600,43.0,neutral
CEG,2022-03-15,50.33095700565367,50.57604347261931,48.91926030223173,50.28194046020508,2117400,42.0,neutral
CEG,2022-03-16,50.69368415746723,51.37012520275499,49.360413172826526,50.75250625610352,2989800,39.0,neutral
CEG,2022-03-17,50.860342110522815,51.674027195216034,49.9094054698737,49.98783493041992,2244600,37.0,negative
CEG,2022-03-18,49.65451947217382,50.39958068280593,47.91930684536121,48.04674911499024,9663900,34.0,negative
CEG,2022-03-21,47.94871215760692,48.458492414178586,47.64480361819235,48.25262069702149,2452000,42.0,negative
CEG,2022-03-22,49.36040979695773,51.02699841377689,49.0270920735939,50.134883880615234,3841900,40.0,positive
CEG,2022-03-23,49.70353374552364,50.75250347213301,49.70353374552364,49.98783493041992,2396200,41.0,positive
CEG,2022-03-24,50.17410357783044,51.546589336910536,49.76921874561545,51.37992858886719,2335200,37.0,positive
CEG,2022-03-25,51.2132625430505,52.76220685065694,51.00738709771292,52.74259948730469,2441200,48.0,positive
CEG,2022-03-28,53.311211670013165,55.73266352638632,52.98769572442111,55.664039611816406,3127000,46.0,positive
CEG,2022-03-29,55.8797189354442,56.262053256120495,53.55630008998764,55.2228889465332,2201300,48.0,positive
CEG,2022-03-30,55.06602648544004,56.65418950943479,54.60526646317044,56.36988830566406,1934100,53.0,positive
CEG,2022-03-31,57.19338192177859,57.91883955819636,54.68369498520055,55.14445877075195,3817600,35.0,positive
CEG,2022-04-01,55.252295155837295,57.15416484292095,54.60526701571829,56.879669189453125,2156500,45.0,positive
CEG,2022-04-04,57.21298998339552,57.546307754487415,56.399301053482986,57.23259735107422,1885100,49.0,positive
CEG,2022-04-05,57.49728875474855,59.13446461905576,57.3012188260406,57.84040832519531,2143100,51.0,negative
CEG,2022-04-06,57.74236887531093,58.899177213669,57.22278306046447,58.42860794067383,2559400,53.0,positive
CEG,2022-04-07,58.58547221526545,59.86972675362688,58.18353052611768,59.71287155151367,3925800,41.0,negative
CEG,2022-04-08,60.01678123572593,63.624454689813504,59.7030708257812,62.76174545288086,4762100,37.0,negative
CEG,2022-04-11,62.91860324363628,63.39113220450196,59.2226985708027,59.48739242553711,3487700,42.0,negative
CEG,2022-04-12,59.80109568810956,61.96765907698143,59.68345523551756,60.653995513916016,2553000,39.0,negative
CEG,2022-04-13,60.82066239934543,63.28133277807687,60.53636118209037,62.93820571899414,3405700,42.0,positive
CEG,2022-04-14,62.85978328926307,63.447989347304,60.95888961220289,61.32063674926758,1860100,40.0,positive
CEG,2022-04-18,61.065747260119394,62.90879486711217,61.065747260119394,62.06570053100586,1216800,41.0,positive
CEG,2022-04-19,62.37940175022511,65.57532728205541,61.64414243029226,65.39886474609375,2078800,46.0,positive
CEG,2022-04-20,66.48705748406387,67.33015554177646,63.78620726907312,64.12442779541016,2182800,45.0,positive
CEG,2022-04-21,63.72248603103716,64.99693874343627,60.928501600950106,61.43827819824219,2493700,38.0,positive
CEG,2022-04-22,61.27161539566103,63.18917312763044,61.06574366546504,61.2029914855957,2030500,30.0,positive
CEG,2022-04-25,61.134370042747165,61.60493561920988,58.27175811127889,61.04613876342773,2261600,38.0,positive
CEG,2022-04-26,60.585370591354014,60.99711777812145,58.73251760020679,58.771732330322266,2136500,44.0,positive
CEG,2022-04-27,58.83055186144392,59.98736024491047,58.556056224595096,58.90898132324219,1991600,46.0,negative
CEG,2022-04-28,59.03643001421924,60.14421816459103,57.64433692175768,60.10500717163086,3354600,46.0,positive
CEG,2022-04-29,60.29127291830337,60.64419804105885,57.98746154658254,58.04627990722656,2578400,38.0,positive
CEG,2022-05-02,58.13451617276099,58.81095729595256,55.78168805218184,57.05613708496094,2488200,46.0,neutral
CEG,2022-05-03,57.3012171315643,59.261908881217664,57.3012171315643,58.526649475097656,2224200,44.0,negative
CEG,2022-05-04,58.93839728243395,61.07064896906661,58.66684103628479,60.59518432617188,2628900,46.0,negative
CEG,2022-05-05,60.01677570149654,60.77164247448223,58.00706366471983,58.97760772705078,1946800,37.0,negative
CEG,2022-05-06,59.0756436652767,60.02658040714954,57.54630641905819,59.08544921875,2861000,35.0,negative
CEG,2022-05-09,59.37954689982341,59.37954689982341,55.45816356160309,56.487525939941406,2193700,43.0,negative
CEG,2022-05-10,57.1051515700114,58.69331096140258,55.619928054571936,55.9189338684082,2156200,51.0,negative
CEG,2022-05-11,55.98755099947067,57.86981319967859,55.41894862249793,56.24243927001953,1877000,34.0,negative
CEG,2022-05-12,56.32204777163526,56.85273598975962,52.16496819419765,52.54824447631836,3785600,40.0,negative
CEG,2022-05-13,53.58996784897257,54.9373356339913,52.705485004922245,53.6685905456543,2317500,38.0,negative
CEG,2022-05-16,53.481866102512505,56.14515197291766,53.40324715096436,55.61445999145508,1631900,34.0,positive
CEG,2022-05-17,55.8699761029048,58.45463926508766,55.01497485684354,58.29739761352539,2215100,40.0,negative
CEG,2022-05-18,58.39567686899972,59.216285434923385,55.948603238270834,56.29256820678711,4609100,42.0,neutral
CEG,2022-05-19,56.145152648759,56.51859923374722,53.97324738342993,56.24342727661133,2181100,44.0,neutral
CEG,2022-05-20,56.51859525434795,57.92394407752054,54.533420919159965,55.67342376708984,2266200,49.0,neutral
CEG,2022-05-23,56.50877329846637,56.597221963151874,54.89704540769652,55.62428665161133,1581800,34.0,negative
CEG,2022-05-24,55.57514715875346,56.37118510971313,54.120660979012406,55.80118179321289,1682300,40.0,neutral
CEG,2022-05-25,55.89945832986231,58.31704999181224,55.89945832986231,58.14997863769531,1974700,37.0,negative
CEG,2022-05-26,58.15981510238117,61.95622105431492,58.14998538979596,61.39310073852539,3260100,36.0,negative
CEG,2022-05-27,61.32430963318545,65.4912156505517,60.93120359429262,65.451904296875,2793800,36.0,negative
CEG,2022-05-31,64.41017199087844,65.24551753780156,60.312055707436485,61.00981903076172,7389300,44.0,negative
CEG,2022-06-01,61.304646243309655,62.818095680077406,61.07861161151276,62.55275344848633,2008600,44.0,negative
CEG,2022-06-02,62.59206446782302,63.0146558663607,60.91154358160737,62.65103149414063,1758500,41.0,negative
CEG,2022-06-03,62.16948056076087,64.68535093437993,62.031894573340686,64.04655456542969,1793500,39.0,negative
CEG,2022-06-06,64.43965758626355,65.78604325490578,64.25784914664848,65.24552154541016,2033200,45.0,negative
CEG,2022-06-07,64.39050548236314,65.55016390746246,64.03770059738837,65.40275573730469,2721700,50.0,negative
CEG,2022-06-08,65.294659356304,65.32414099392166,62.04171829374854,63.6534423828125,1922200,42.0,negative
CEG,2022-06-09,63.15223650367408,63.34878574356716,60.10567454915759,60.15481185913086,1811000,48.0,negative
CEG,2022-06-10,58.81826351182338,60.00740755840545,58.18929686675279,58.7593002319336,1540800,46.0,negative
CEG,2022-06-13,57.26550671307874,57.97309611437771,54.24842954211602,54.52360153198242,2113200,39.0,negative
CEG,2022-06-14,55.064112629816414,55.50635595007073,52.40083049408236,53.50152206420898,2330400,42.0,neutral
CEG,2022-06-15,54.73980176679084,58.52834589358898,54.72014609213676,57.19670486450195,3891700,46.0,positive
CEG,2022-06-16,55.3589428811416,57.34411730238513,55.11325256922232,57.25566864013672,4837000,37.0,negative
CEG,2022-06-17,57.54067397300362,58.47429796765268,54.528511906304,57.09843063354492,6478700,41.0,negative
CEG,2022-06-21,57.098428339974895,59.889470499301055,57.098428339974895,59.33912658691406,4363600,47.0,negative
CEG,2022-06-22,58.2580858955304,59.38826283639165,57.8502428246058,58.18929290771485,3233400,44.0,negative
CEG,2022-06-23,58.84774237303856,60.17446850850912,56.79377129178896,57.638946533203125,2667600,46.0,neutral
CEG,2022-06-24,57.82567354699951,59.29981545888875,56.9804982510198,58.258087158203125,6473700,33.0,neutral
CEG,2022-06-27,58.10084421841665,58.838897379455375,57.412910591638735,58.39567184448242,1718900,44.0,neutral
CEG,2022-06-28,58.808431597459006,59.85998580370763,56.83308319335676,57.07877349853516,1401700,42.0,negative
CEG,2022-06-29,56.96084460382147,57.152482759275664,55.34911665593141,56.322052001953125,1412200,45.0,negative
CEG,2022-06-30,55.91911256716018,57.81977082727843,55.57514390525609,56.27290344238281,2424400,50.0,neutral
CEG,2022-07-01,55.74222081046261,57.088602709751854,55.64394243343694,56.60704803466797,1531900,34.0,positive
CEG,2022-07-05,56.16480999294912,56.3810149304357,51.97824474075752,53.99290466308594,2696000,41.0,positive
CEG,2022-07-06,54.17962658432944,56.23359766422288,53.61945299426182,55.781524658203125,1716600,41.0,positive
CEG,2022-07-07,56.57756543665657,58.86740097188027,56.57756543665657,58.09101867675781,1872100,46.0,negative
CEG,2022-07-08,57.9239521436924,58.77895721040549,56.43015445408752,58.6217155456543,2096000,41.0,negative
CEG,2022-07-11,58.62171404683694,59.10326499266544,57.40308836446975,58.80843734741211,1774700,45.0,negative
CEG,2022-07-12,58.3858473726694,60.05654229496079,57.90429269694487,58.20895004272461,1808400,40.0,negative
CEG,2022-07-13,57.14756694535536,59.24084566313759,57.14756694535536,58.78877639770508,1577200,40.0,negative
CEG,2022-07-14,57.28515605096939,57.95343402291783,56.10584176229939,56.921531677246094,2608600,36.0,negative
CEG,2022-07-15,54.01255544431407,55.66949166158223,51.73254972679419,54.70048904418945,5186100,35.0,negative
CEG,2022-07-18,55.35894421941631,55.6930794527249,53.64893795758746,53.86514663696289,2583100,32.0,negative
CEG,2022-07-19,54.48427819139854,54.54324521151456,53.23617104929872,54.05186462402344,2326200,34.0,positive
CEG,2022-07-20,54.20911123511136,54.390923418779295,52.44996767076768,53.13790130615234,2803600,33.0,negative
CEG,2022-07-21,52.93151745968596,53.90936377863505,52.3909995634851,53.22634506225586,1816800,39.0,negative
CEG,2022-07-22,53.845493206913325,54.64152747064913,52.49910750967145,53.06911087036133,1503100,31.0,negative
CEG,2022-07-25,53.04945239787272,54.11083635882148,52.44996742907056,54.01255798339844,1847700,37.0,negative
CEG,2022-07-26,54.444972601352646,55.69307604054228,53.943762284224256,54.54324722290039,1993500,42.0,negative
CEG,2022-07-27,54.08135039301935,54.798765655715655,53.246004830014016,54.572731018066406,1557200,34.0,negative
CEG,2022-07-28,61.50119877820661,64.80327706816891,61.11791875435241,63.47654342651367,8460600,43.0,negative
CEG,2022-07-29,62.7493050450032,65.45189851403357,62.54292607984024,64.96051788330078,3895200,37.0,negative
CEG,2022-08-01,64.91138738718914,65.45190160782025,63.024479977600905,64.17431640625,2735200,54.0,negative
CEG,2022-08-02,64.17430974856806,65.63862184604929,63.86964867616575,64.70499420166016,1722900,58.0,negative
CEG,2022-08-03,65.48138530881525,66.21845631295808,64.4101790484405,66.01207733154297,2286700,51.0,negative
CEG,2022-08-04,64.38069191610793,67.19138970530999,64.38069191610793,66.29707336425781,2425900,53.0,negative
CEG,2022-08-05,68.55742799313727,74.67020426531734,68.54759828107592,73.0191650390625,4216800,65.0,negative
CEG,2022-08-08,75.68244423654377,76.29175139901426,73.67761043250391,74.58174896240234,3183600,100.0,neutral
CEG,2022-08-09,74.44416975019678,75.44658299430327,73.72675068984327,74.41468811035156,2945700,59.0,negative
CEG,2022-08-10,74.7389884717416,75.8691577961718,74.19846683998344,75.79054260253906,2134600,48.0,negative
CEG,2022-08-11,75.79055600114704,78.67986919496343,75.35813861929574,77.47107696533203,2540200,45.0,negative
CEG,2022-08-12,78.41719887366853,80.41577784340912,77.81663969904685,80.23856353759766,2170800,45.0,negative
CEG,2022-08-15,79.00791361796237,81.1541725064167,79.00791361796237,79.94320678710938,1980100,46.0,negative
CEG,2022-08-16,79.84475414670024,80.83912373698695,79.64785269832866,80.1401138305664,1878800,52.0,neutral
CEG,2022-08-17,79.17528028099707,80.1893370317644,77.8757111664967,78.46642303466797,2502200,43.0,negative
CEG,2022-08-18,78.19076188753795,80.87358374281749,78.19076188753795,80.33702087402344,1939600,46.0,positive
CEG,2022-08-19,79.06697246109276,80.02196016045863,78.61409316773215,79.5887680053711,1704000,46.0,positive
CEG,2022-08-22,79.50017888128079,79.50017888128079,78.28921309922758,78.41720581054688,1724600,38.0,positive
CEG,2022-08-23,79.02759614310573,79.63800263013195,78.36796805133596,78.5156478881836,1065800,35.0,negative
CEG,2022-08-24,78.42705054950805,79.56417261182628,78.08246173314934,79.12606048583984,1430200,44.0,negative
CEG,2022-08-25,78.77162440810848,81.54797674982508,78.53041376172136,81.45936584472656,1551700,40.0,neutral
CEG,2022-08-26,81.45935946103427,81.9417807160028,79.35248269008261,79.57892608642578,1641000,44.0,neutral
CEG,2022-08-29,78.4171887479484,80.72096691471036,77.9249276855147,79.74629211425781,1191200,38.0,neutral
CEG,2022-08-30,80.31732758177587,80.31732758177587,77.75757121414843,78.45658111572266,1802800,38.0,neutral
CEG,2022-08-31,79.01775486252183,81.11478447065399,78.3384321324148,80.32716369628906,3016500,37.0,neutral
CEG,2022-09-01,80.3271689456511,81.65628002816256,79.90383157755231,81.2427749633789,2421100,39.0,negative
CEG,2022-09-02,81.30184671962402,82.394666984585,79.70691801936269,79.81521606445312,2232200,47.0,negative
CEG,2022-09-06,80.43546358821746,81.41998582313472,79.82506460980622,80.98680114746094,2013300,51.0,negative
CEG,2022-09-07,81.32153789785433,83.1527499186648,80.41971513912135,81.61689758300781,1759100,42.0,negative
CEG,2022-09-08,81.58736262766872,84.61968548869733,81.58736262766872,84.46216583251953,2184400,51.0,negative
CEG,2022-09-09,85.16117093374248,86.45089262172154,84.11265237932109,86.1555404663086,1905300,41.0,negative
CEG,2022-09-12,87.18929031348193,87.2877485500777,86.10631731270836,86.76594543457031,1733800,48.0,negative
CEG,2022-09-13,85.55498556470513,86.66749301012261,84.44247060797893,85.04302978515625,1974200,47.0,negative
CEG,2022-09-14,85.04302932725402,87.15975366891549,84.92489146438554,86.68718719482422,3600300,38.0,negative
CEG,2022-09-15,86.51981367363659,86.89393694040457,84.97411402287136,85.45653533935547,3631800,47.0,neutral
CEG,2022-09-16,85.26947134720962,85.51560190588155,83.57904384599875,84.24556732177734,6245600,38.0,neutral
CEG,2022-09-19,84.07819874874696,88.3116397707662,83.93051891408513,87.9769058227539,4407400,37.0,neutral
CEG,2022-09-20,87.04161875737974,88.78421989555451,86.20476880670655,86.39183044433594,4626000,43.0,positive
CEG,2022-09-21,87.41573072445787,88.69560513162733,85.87987843133108,85.9291000366211,2155100,41.0,positive
CEG,2022-09-22,86.63796091244274,86.63796091244274,83.3201181143382,84.05850982666016,1863300,44.0,negative
CEG,2022-09-23,82.48820384669371,83.03460650793711,80.88342770337835,82.55219268798828,2678800,63.0,negative
CEG,2022-09-26,82.3749730926026,83.63516034383501,80.3862414951218,81.63658142089844,1973300,39.0,negative
CEG,2022-09-27,82.39466883635488,84.09296820153813,81.79410966783196,82.67033386230469,1777800,41.0,negative
CEG,2022-09-28,82.80816732965404,84.20618712668819,81.89256133359194,83.7040786743164,1564300,38.0,negative
CEG,2022-09-29,83.73362209101931,84.87566401865236,80.7997424206377,81.75473022460938,1823700,38.0,negative
CEG,2022-09-30,81.99101581598606,83.14290510249884,80.9474245832113,81.90241241455078,3267800,37.0,negative
CEG,2022-10-03,83.71393392005112,85.56484073868626,82.57189190400612,85.24978637695312,2026700,41.0,negative
CEG,2022-10-04,86.93332536430393,88.08028727699208,85.81097050099407,87.95722198486328,1679100,39.0,positive
CEG,2022-10-05,86.32289937698144,88.08519486486878,84.26524424995701,86.80531311035156,1766700,48.0,negative
CEG,2022-10-06,86.86440300744009,88.51740922530944,84.61968592698277,84.944580078125,1677300,42.0,neutral
CEG,2022-10-07,84.38340085212899,84.42278264334881,82.07962240058413,83.08383178710938,2017200,33.0,neutral
CEG,2022-10-10,83.63516547343384,84.30464093062558,82.6309560433007,83.40872955322266,982800,50.0,neutral
CEG,2022-10-11,83.10351601474693,83.9994272408712,81.27230426491052,81.5971908569336,1534200,52.0,negative
CEG,2022-10-12,81.82363685319318,82.29620328097333,80.41576987194706,80.88834381103516,1878400,36.0,negative
CEG,2022-10-13,79.31311448440367,83.01492045424058,78.07262178828965,82.52265930175781,2746500,43.0,negative
CEG,2022-10-14,82.90661886008871,83.44810910922443,79.46079093982912,80.00228118896484,1693300,40.0,negative
CEG,2022-10-17,81.93194230994241,84.95442529718495,81.85317872774444,83.87145233154297,1678900,39.0,negative
CEG,2022-10-18,85.1611731823129,86.04724469456399,83.20197604116943,85.1710205078125,1598900,36.0,negative
CEG,2022-10-19,83.77299675160141,84.89535905520115,83.25120114780235,84.36371612548828,1325800,44.0,negative
CEG,2022-10-20,85.0331881685583,85.38761677417777,82.87708206959132,83.2511978149414,2076500,36.0,negative
CEG,2022-10-21,83.38903085082785,86.10631434054407,82.36513432961573,85.9291000366211,1749200,34.0,negative
CEG,2022-10-24,86.21264912742346,86.35244961080892,84.24557249998139,86.2244644165039,1325000,30.0,negative
CEG,2022-10-25,86.14570351714649,87.18929477899239,85.4073117727138,86.78564453125,1647200,33.0,negative
CEG,2022-10-26,88.29196301936993,88.29196301936993,85.97833704182072,87.40589141845703,1370100,34.0,positive
CEG,2022-10-27,88.4150225605063,91.69840342227243,88.4150225605063,91.5999526977539,3345800,32.0,negative
CEG,2022-10-28,91.45226811735704,93.77770911270753,90.39882964583671,92.29895782470705,1958000,34.0,negative
CEG,2022-10-31,92.68292603932836,93.94311334505556,91.92976710252562,93.07673645019533,2276600,35.0,positive
CEG,2022-11-01,93.7658922976071,94.7504144983712,92.55000677875876,94.04155731201172,1467400,35.0,negative
CEG,2022-11-02,93.21457191841516,94.7996534266384,91.54088700837882,91.64917755126952,1966100,32.0,positive
CEG,2022-11-03,90.73357819603022,93.9726499324659,90.73357819603022,92.9487533569336,1484400,37.0,negative
CEG,2022-11-04,93.61821676387434,94.72088438343204,91.3095184065736,92.86013793945312,1974300,39.0,negative
CEG,2022-11-07,93.58867815991536,93.58867815991536,91.52118303706212,92.05282592773438,2120300,38.0,negative
CEG,2022-11-08,88.17380538148379,91.66394227138878,84.74767234918134,86.18507385253906,4345400,35.0,negative
CEG,2022-11-09,85.65343507489952,88.52823821952691,84.99380697531264,85.99801635742188,2241500,32.0,negative
CEG,2022-11-10,89.09926713225701,94.35661254877624,86.83486286359872,93.66744995117188,4885600,32.0,negative
CEG,2022-11-11,93.81512027233316,94.38614494455253,90.18715841021512,90.88124084472656,3133200,29.0,negative
CEG,2022-11-14,90.71461531100589,93.39661383689229,90.71461531100589,92.6077880859375,1997000,38.0,negative
CEG,2022-11-15,93.1895400163964,93.42618471033433,91.35552671207935,92.1936492919922,2537200,27.0,positive
CEG,2022-11-16,92.99233019103151,93.19939523936814,90.00466552920457,90.39907836914062,1384600,29.0,negative
CEG,2022-11-17,89.16654291868296,90.18215090331668,87.62834111848426,88.79185485839844,1792500,35.0,positive
CEG,2022-11-18,88.86088173218184,92.13449570512242,88.76819331769288,91.99645233154295,2515700,34.0,positive
CEG,2022-11-21,92.75568941874228,92.903595180323,91.46399464805634,92.08518981933594,1744800,33.0,positive
CEG,2022-11-22,93.23884949836064,95.01370374933968,92.77541491489389,94.92495727539062,1567600,33.0,positive
CEG,2022-11-23,94.68830464836284,96.52231804707048,93.09587091229125,95.2700653076172,1135900,33.0,negative
CEG,2022-11-25,95.25033974514682,96.08846236131414,94.65872422331104,95.80252075195312,631700,27.0,negative
CEG,2022-11-28,94.727749471035,95.24048093649402,93.0613590433936,93.4853515625,1590100,30.0,neutral
CEG,2022-11-29,93.36703386426792,93.78116399682456,92.01617221534762,93.11066436767578,1436200,31.0,neutral
CEG,2022-11-30,92.8247142638508,95.58559683132944,92.45002617485292,94.7770538330078,3361800,38.0,negative
CEG,2022-12-01,95.64475909785298,96.41386008076503,92.56834764340476,93.15010833740234,1748600,36.0,neutral
CEG,2022-12-02,91.6907828500483,92.18379707177338,89.76803039444044,90.75405883789062,1848700,31.0,neutral
CEG,2022-12-05,89.73845120529201,90.33006676983808,88.54535768533074,88.80171966552734,2397000,42.0,neutral
CEG,2022-12-06,88.60451338454776,89.61025905112814,88.54535408733707,89.51165771484375,1237500,38.0,positive
CEG,2022-12-07,89.61026080744222,91.89784645895438,89.32431166065321,90.6850357055664,1237200,31.0,positive
CEG,2022-12-08,91.0399948788398,91.68584221264518,89.65955375224259,90.13285064697266,1002400,28.0,neutral
CEG,2022-12-09,90.08355477715718,90.57656897470169,88.43688916283043,88.46646881103516,1384600,29.0,neutral
CEG,2022-12-12,88.72284045091288,89.64970204926128,87.82555097868644,89.61026000976562,1554100,35.0,neutral
CEG,2022-12-13,90.69489533444188,91.41469185202654,89.12710627017454,89.57081604003906,1629900,29.0,negative
CEG,2022-12-14,90.26103517992236,91.00055643519752,88.62422452396966,89.58067321777344,2561600,32.0,negative
CEG,2022-12-15,89.54123125733646,89.58067329372048,88.18051485468423,88.44673919677734,2245100,30.0,negative
CEG,2022-12-16,86.91840023991413,87.36210998667542,84.72941610725337,86.96769714355469,3911700,32.0,negative
CEG,2022-12-19,87.14519257097707,87.43114172706186,85.78447600462894,86.50428009033203,1238100,28.0,negative
CEG,2022-12-20,86.77050195074109,86.88882807070007,85.90772707338996,86.3366470336914,1306600,32.0,negative
CEG,2022-12-21,86.7606349586864,88.91017712574059,85.49851983726,88.39744567871094,1409500,29.0,positive
CEG,2022-12-22,87.88470212779572,88.1262817762572,85.32102998068261,86.10985565185547,1548300,35.0,negative
CEG,2022-12-23,86.29720515485222,86.99729196241695,85.91265466776734,86.80994415283203,600700,30.0,negative
CEG,2022-12-27,87.20436076250168,87.66779534953899,86.0507017290768,86.41553497314453,634400,27.0,negative
CEG,2022-12-28,86.72119200546162,87.10574246737485,85.21256980521743,85.39991760253906,752000,33.0,negative
CEG,2022-12-29,85.94224387102403,86.46483774926958,85.07453401479738,85.55768585205078,870800,29.0,negative
CEG,2022-12-30,85.39005123746904,85.39005123746904,83.93073353270532,85.00550079345703,1343300,23.0,negative
CEG,2023-01-03,84.79843924818938,84.91676535999929,79.6612323778664,80.76558685302734,4030600,83.0,negative
CEG,2023-01-04,80.80502088430254,82.57001254688258,80.15424608023802,82.24462890625,2612200,89.0,negative
CEG,2023-01-05,81.76147503638654,82.74750345946734,80.74093953035387,81.25860595703125,1906300,84.0,neutral
CEG,2023-01-06,82.45170014341568,83.97018483053603,81.91924388771375,82.3333740234375,1914100,72.0,neutral
CEG,2023-01-09,82.67847211789852,84.01947121854825,82.41224778478083,82.82637786865234,1301500,87.0,negative
CEG,2023-01-10,82.23477165206587,82.3235105988351,80.44020023033445,81.91924285888672,1376700,73.0,negative
CEG,2023-01-11,81.84035290235373,83.19614188115779,81.28817943464567,82.93484497070312,1696200,78.0,negative
CEG,2023-01-12,82.7080565778169,83.61520839127158,81.61356449044827,83.16162872314453,1496700,71.0,negative
CEG,2023-01-13,82.63903242506363,84.50756033437482,82.28406162231322,83.97017669677734,1366200,69.0,negative
CEG,2023-01-17,82.7573660770617,83.83213345022361,81.8403593401695,82.20519256591797,2763600,66.0,negative
CEG,2023-01-18,82.15588381170552,83.32925998393193,80.62753682305433,80.7064208984375,2084900,68.0,negative
CEG,2023-01-19,80.45990913978619,80.64725692725867,79.62671400851,79.71052551269531,1635500,75.0,negative
CEG,2023-01-20,79.98663174388201,81.93896389071247,79.32598695537659,81.84036254882812,1795100,63.0,negative
CEG,2023-01-23,81.77132322197446,83.11232224623467,81.40451908738356,82.96441650390625,1596200,81.0,negative
CEG,2023-01-24,82.82639459434098,83.05318446100057,81.8206488271562,82.73765563964844,1176000,63.0,negative
CEG,2023-01-25,82.25448898688273,82.39253236385196,81.33748225541584,82.23477172851562,1535200,82.0,negative
CEG,2023-01-26,82.46155088638045,84.86746254598762,82.11644245720717,84.68011474609375,2161100,70.0,negative
CEG,2023-01-27,84.68012163206258,85.44923015179006,83.65465112855942,85.37034606933594,1455100,82.0,negative
CEG,2023-01-30,84.71955778588513,85.63656449298848,81.10083538627929,81.24874114990234,3045800,86.0,negative
CEG,2023-01-31,81.72204246288376,84.30543993880754,81.22902819423577,84.16739654541016,2509000,82.0,negative
CEG,2023-02-01,84.26105953643061,84.67026222909517,81.71710443453513,84.21669006347656,2623400,83.0,negative
CEG,2023-02-02,84.28571552602195,85.46894666125367,82.58481042527623,84.13780975341797,2389600,71.0,negative
CEG,2023-02-03,83.20107331706083,83.9701817848225,81.889661268169,82.03755950927734,1807200,71.0,negative
CEG,2023-02-06,81.85022597403616,82.67848628368989,81.35721173558507,82.09673309326172,1502000,81.0,negative
CEG,2023-02-07,82.16575110248539,85.06466957912374,81.17972266978391,84.72942352294922,2032900,85.0,negative
CEG,2023-02-08,83.56590396388404,83.81241105522292,82.96442605919319,83.16162872314453,2005900,82.0,negative
CEG,2023-02-09,83.74339325866076,84.26598711291469,82.75736484752514,83.24051666259766,1975000,74.0,negative
CEG,2023-02-10,83.03345728192326,85.78447764001139,82.9940152400424,85.59712982177734,1350300,75.0,negative
CEG,2023-02-13,85.67600521714593,86.0802804633271,84.73928126656932,85.18299102783203,1173500,89.0,negative
CEG,2023-02-14,84.7195539839675,86.37805288546319,83.96031546488062,84.85759735107422,2383100,84.0,negative
CEG,2023-02-15,83.31940635488367,85.27667348468927,83.18136296984753,84.80831146240234,2030600,88.0,negative
CEG,2023-02-16,83.81241382628448,86.69161494284492,83.73846470555763,84.43360900878906,3037600,76.0,positive
CEG,2023-02-17,84.00961820296027,84.83788598592119,80.75572893729903,83.36870574951172,3570700,69.0,positive
CEG,2023-02-21,80.46978161912783,81.85022294018367,78.7836738888582,79.24710845947266,5056000,66.0,positive
CEG,2023-02-22,78.2019101661223,78.2019101661223,75.33257142776195,76.7130126953125,3341000,81.0,negative
CEG,2023-02-23,76.9102110227703,78.33502168247247,76.9102110227703,78.11316680908203,1584900,77.0,negative
CEG,2023-02-24,76.91779443158566,78.58024023806696,76.67040670770258,78.44169616699219,1529100,70.0,negative
CEG,2023-02-27,78.59013326350029,79.26302819972659,77.1800277142005,77.55110931396484,1326200,83.0,negative
CEG,2023-02-28,76.9969545202518,77.17507398749397,73.62258981541466,74.10746765136719,3584800,83.0,negative
CEG,2023-03-01,73.35540246146563,74.60223865774286,72.06899087454055,73.57310485839844,2594400,86.0,negative
CEG,2023-03-02,73.35540507365396,75.9282434384708,73.22676617528279,75.38398742675781,1949900,75.0,negative
CEG,2023-03-03,75.43347419680391,78.3724342528023,75.20587415054403,78.15473937988281,2304600,68.0,negative
CEG,2023-03-06,77.54121108288885,78.055774242005,76.54176253478266,77.97661590576172,2295000,96.0,negative
CEG,2023-03-07,78.24379423656148,78.24379423656148,76.51208005365444,77.08602142333984,2203900,84.0,negative
CEG,2023-03-08,76.93757834495007,77.6302609178968,76.29436878454305,77.25423431396484,1261600,73.0,negative
CEG,2023-03-09,77.22454647286928,79.35208223407069,76.59123455553588,77.81827545166016,3110500,89.0,negative
CEG,2023-03-10,78.36254813667657,78.94637961796268,76.43291910686486,76.73968505859375,2895700,63.0,negative
CEG,2023-03-13,76.12615071822438,77.78365148861008,75.69074590816324,76.29437255859375,2242400,56.0,negative
CEG,2023-03-14,76.69019259105809,78.27347247655158,76.36363899132924,77.1156997680664,2142800,67.0,negative
CEG,2023-03-15,76.48239733986783,77.06622880330558,75.55221698830265,76.52198028564453,1957000,88.0,negative
CEG,2023-03-16,75.81938900639277,78.21410025657225,75.23555007781867,77.6104736328125,1962900,71.0,negative
CEG,2023-03-17,76.90789709796294,77.64016264950207,75.19102568378345,75.96781921386719,3896500,72.0,negative
CEG,2023-03-20,76.25479758497593,77.61048517180772,76.10637097483101,76.19542694091797,1629500,66.0,negative
CEG,2023-03-21,76.76935751191822,77.29381825964194,75.17618002373453,75.72042846679688,2045700,67.0,negative
CEG,2023-03-22,75.47303968611389,75.53241787063915,73.62258443628845,73.64237213134766,1863400,70.0,negative
CEG,2023-03-23,73.88976776893433,74.34496030086268,72.00961945032623,72.63304138183594,1655400,60.0,negative
CEG,2023-03-24,71.801813030885,72.75178101727397,70.41644776928094,72.67262268066406,2777200,60.0,negative
CEG,2023-03-27,72.67262509614986,74.63688436053103,72.67262509614986,74.4834976196289,3225500,67.0,positive
CEG,2023-03-28,74.28559580064638,76.00741248543962,74.07184939510469,74.72100067138672,1752200,84.0,negative
CEG,2023-03-29,75.492831880982,75.76000727669356,74.63687254786747,75.08711242675781,2299500,89.0,positive
CEG,2023-03-30,75.88865694505164,76.63082008101287,75.20586444407168,76.01729583740234,1737800,72.0,positive
CEG,2023-03-31,76.01729519330752,77.77869447978335,75.92823924159018,77.67974090576172,2984400,83.0,positive
CEG,2023-04-03,77.1849745741624,77.72923061987571,75.68086044277916,75.81939697265625,1894900,73.0,positive
CEG,2023-04-04,75.86886418421054,76.16573246818399,74.3350648494786,75.22565460205078,1316200,69.0,positive
CEG,2023-04-05,75.08712115795336,76.31416973560133,74.88921399364854,75.70064544677734,1204800,68.0,negative
CEG,2023-04-06,75.80949670010511,76.17563325894297,75.36420180529977,76.15583801269531,1223000,74.0,neutral
CEG,2023-04-10,75.73033646946034,76.56156323142125,75.06733911446918,76.52198028564453,1485500,85.0,negative
CEG,2023-04-11,76.94748181796479,76.99695483426615,76.36859543448547,76.61103057861328,1371500,91.0,negative
CEG,2023-04-12,77.1157079544259,77.13549565211278,75.85898153525116,76.00740814208984,1171100,77.0,negative
CEG,2023-04-13,75.88866656864049,76.77925640499232,75.37409583463631,76.3339614868164,1324700,69.0,positive
CEG,2023-04-14,75.52253458554804,75.83424557704126,74.71110303994885,75.63138580322266,1328400,64.0,positive
CEG,2023-04-17,75.77981453997641,76.02224969406046,73.87987850340181,74.25590515136719,1093300,67.0,positive
CEG,2023-04-18,74.55275850674472,75.15638513805683,73.39498580721455,73.70175170898438,1235200,88.0,neutral
CEG,2023-04-19,74.18662786936966,74.61213503362701,73.72450478724983,73.96892547607422,1039300,93.0,negative
CEG,2023-04-20,73.95903307249505,75.76991305395286,73.9095600566839,75.67095947265625,1926900,85.0,positive
CEG,2023-04-21,76.01730513949033,76.1607867081439,75.16629070214391,75.75012969970703,1178900,72.0,positive
CEG,2023-04-24,75.6313694194736,76.52691170297324,74.81004042755045,76.48238372802734,1094300,77.0,positive
CEG,2023-04-25,75.8391813678452,76.33395682434193,75.04753761758069,76.12615203857422,1722400,73.0,negative
CEG,2023-04-26,75.71053128573199,76.16572373252299,74.67149996066843,75.06732177734375,3100600,72.0,negative
CEG,2023-04-27,75.47304082942478,76.432906372324,75.18607772351318,75.94802856445312,1865700,67.0,negative
CEG,2023-04-28,76.0964644872143,76.66050818909014,75.50273546676723,76.59123992919922,2233400,80.0,negative
CEG,2023-05-01,76.70997849236099,76.8386249345218,75.95792528288872,76.2448959350586,1788300,66.0,negative
CEG,2023-05-02,75.92824685224655,76.59124416928806,75.15639077829391,75.98761749267578,2554000,83.0,negative
CEG,2023-05-03,76.3933257523802,76.78914761864793,75.35430184681083,75.71054077148438,1607000,75.0,negative
CEG,2023-05-04,76.17562888175647,79.5302057089083,74.12725889394096,77.768798828125,3830400,98.0,negative
CEG,2023-05-05,78.29327952324653,79.60937664382422,77.4620527395223,78.65940856933594,2359300,86.0,negative
CEG,2023-05-08,78.90678657202177,79.01563777488526,77.26413600551923,77.8875503540039,2360100,97.0,negative
CEG,2023-05-09,77.16518768069878,78.27347993126016,76.99695827866022,78.12504577636719,3158300,85.0,positive
CEG,2023-05-10,79.0156404144681,79.28282339394,77.92219086236763,78.62477111816406,1629400,72.0,negative
CEG,2023-05-11,78.03587424857773,78.9991586913867,77.69822464032082,78.57213592529297,2497400,80.0,neutral
CEG,2023-05-12,78.89984166795772,79.83333501777827,78.31393078775251,79.29707336425781,1991000,79.0,neutral
CEG,2023-05-15,80.07167250961855,80.52848631715042,78.63171610710641,79.71416473388672,2048300,100.0,neutral
CEG,2023-05-16,79.6347270564742,79.6347270564742,77.7876060136927,78.45296478271484,3709100,73.0,positive
CEG,2023-05-17,78.54233474374466,80.07167186618267,78.16496879531107,79.83333587646484,2329500,73.0,positive
CEG,2023-05-18,79.71416176828082,80.90585683524048,79.01106417904084,80.83634185791016,2849300,87.0,negative
CEG,2023-05-19,81.16405748162211,82.65863326247256,80.96543785150904,81.73011016845703,2407100,72.0,negative
CEG,2023-05-22,82.15713567413782,83.37861424014308,81.74003822511132,82.95159149169922,1908300,73.0,negative
CEG,2023-05-23,82.78276961331706,83.9744571154244,82.5891202048105,83.45806121826172,2232200,87.0,negative
CEG,2023-05-24,83.45806458693151,83.78578131503639,81.97838423716735,82.73311614990234,2430300,75.0,neutral
CEG,2023-05-25,82.62387525015215,82.62387525015215,81.3328816979537,82.17699432373047,1863100,67.0,neutral
CEG,2023-05-26,82.37560920213716,83.36868469620302,81.74004149206019,83.26937866210938,2267100,77.0,neutral
CEG,2023-05-30,83.27931809158608,84.45611022015304,82.5593398170475,83.12042236328125,2198200,89.0,negative
CEG,2023-05-31,82.95158943575703,83.96453061699009,81.87906615323881,83.43819427490234,5214700,88.0,negative
CEG,2023-06-01,84.28728453590867,88.54460182455573,84.20287402612088,88.2645492553711,3646900,83.0,negative
CEG,2023-06-02,88.04607754984346,88.43337638908379,86.66569563310114,86.93383026123047,3225600,75.0,negative
CEG,2023-06-05,87.21188845023718,88.19503105512301,86.57632074843578,86.90403747558594,1819000,90.0,negative
CEG,2023-06-06,86.53659330341162,89.2675507655556,86.53659330341162,88.9299087524414,2311500,92.0,positive
CEG,2023-06-07,88.92991319851458,90.25069784259554,88.51281573434535,90.18118286132812,2452100,75.0,negative
CEG,2023-06-08,90.85647709081816,91.82770937288905,90.42945431468452,91.66087341308594,3075700,65.0,negative
CEG,2023-06-09,91.6608698472743,93.12068443876146,91.45231732906863,92.64401245117188,2530100,73.0,negative
CEG,2023-06-12,92.3560234375,93.36895713506142,92.2368516474366,93.100830078125,1720700,76.0,negative
CEG,2023-06-13,93.30936592149138,94.6698819798126,92.9419252870812,93.59735870361328,2429900,80.0,negative
CEG,2023-06-14,93.87542633510384,94.34217303500108,92.12761132375412,92.55463409423828,2573200,87.0,negative
CEG,2023-06-15,93.07102979521471,93.10082084563504,92.31629035278812,92.81282806396484,3712300,87.0,negative
CEG,2023-06-16,92.9419301983532,93.86549069445614,92.09781755873676,92.2467803955078,4963400,72.0,negative
CEG,2023-06-20,92.48511753596472,92.71352823205642,91.25370605140292,91.35301208496094,1846900,72.0,positive
CEG,2023-06-21,90.25069510997132,90.40462817064132,88.56743250772337,89.87332916259766,2684900,76.0,positive
CEG,2023-06-22,89.87333290249693,90.05704944580793,87.25657683411869,88.63198852539062,3205600,59.0,negative
CEG,2023-06-23,89.0192831663149,90.07194072395157,88.50288726348307,89.73429870605469,2875900,70.0,negative
CEG,2023-06-26,89.62506779790142,90.56848653356909,89.06894791806072,90.00243377685547,1890400,72.0,negative
CEG,2023-06-27,90.34007326867068,90.38475984473892,89.35693071234836,90.2209014892578,1472800,88.0,negative
CEG,2023-06-28,90.27057145760604,90.27057145760604,89.08880909656685,89.9229965209961,1605400,65.0,negative
CEG,2023-06-29,89.8832606662211,90.7124777537729,89.51582002393504,90.2407684326172,1738700,70.0,positive
CEG,2023-06-30,91.41259913140946,91.65093512039172,90.409590795286,90.9160614013672,2666400,70.0,positive
CEG,2023-07-03,90.37980259777557,91.10474346365358,89.7045109605309,90.96571350097656,1089100,83.0,positive
CEG,2023-07-05,90.78696044054792,92.5645664956936,90.71744545857304,91.5019760131836,2087300,95.0,neutral
CEG,2023-07-06,90.8366197572796,90.8366197572796,89.22783467437621,90.369873046875,2263300,70.0,neutral
CEG,2023-07-07,90.36986933043606,91.07495201712312,90.03222730155692,90.69758605957033,1334000,89.0,neutral
CEG,2023-07-10,90.74722985869,92.98164957108952,90.74722985869,92.9518585205078,1539300,79.0,positive
CEG,2023-07-11,93.19020050534068,93.77611898526338,92.21699076634084,93.70660400390624,1260900,76.0,neutral
CEG,2023-07-12,94.28258910065156,95.49414240627566,93.42854357624653,95.39482879638672,1532600,88.0,neutral
CEG,2023-07-13,95.1862837566237,95.40476157565364,94.22299932357232,94.61029815673828,1462400,76.0,neutral
CEG,2023-07-14,94.23293942683377,94.87347740689292,94.0432601155946,94.34217834472656,1259900,76.0,neutral
CEG,2023-07-17,93.81584177789485,96.2488736724921,93.81584177789485,95.51399993896484,1951400,87.0,negative
CEG,2023-07-18,95.33524480180014,95.98074537045856,93.23985496096874,94.70960998535156,1925300,75.0,negative
CEG,2023-07-19,94.1733493063171,94.87843198582954,93.27957986166592,94.07404327392578,1785300,69.0,negative
CEG,2023-07-20,94.83871133863944,96.6461084663237,94.58050958423745,96.21908569335938,1600300,71.0,negative
CEG,2023-07-21,96.90430092065786,97.47035360476788,95.64309089934476,95.93108367919922,5081100,75.0,negative
CEG,2023-07-24,95.93108843631256,96.13963337484572,95.09690868217982,95.88143920898438,1077800,78.0,negative
CEG,2023-07-25,95.2855907091083,97.48029422030824,95.23594148030004,96.84471893310548,854800,68.0,negative
CEG,2023-07-26,96.0006034754244,97.55973165391003,96.0006034754244,96.66596221923828,1243000,75.0,negative
CEG,2023-07-27,97.05327163460105,97.07312981084826,94.54078426341762,94.75926208496094,897900,63.0,negative
CEG,2023-07-28,95.59345277457862,95.99068450245404,94.60037724317264,95.0770492553711,1135900,70.0,negative
CEG,2023-07-31,95.17634714456932,96.02046733524617,94.73939910022472,95.98074340820312,1170200,94.0,negative
CEG,2023-08-01,95.57358140109842,96.41769403784448,95.40476038906212,95.63317108154295,1469600,94.0,negative
CEG,2023-08-02,95.32531476551348,95.36007604463404,93.77611941583312,94.88836669921876,2040300,77.0,negative
CEG,2023-08-03,95.30545317580484,102.85679528161806,95.0969082382452,100.4396514892578,3511000,80.0,negative
CEG,2023-08-04,101.21425152860468,103.9799703887794,101.0851544432254,103.22026824951172,2723600,88.0,negative
CEG,2023-08-07,103.85584019728184,103.92535518095212,102.06333857203596,103.03158569335938,1759800,90.0,negative
CEG,2023-08-08,102.24705556099896,104.20341556546254,102.24705556099896,104.08424377441406,1207300,93.0,positive
CEG,2023-08-09,103.89556673296435,105.16670222427838,103.5857231004316,104.38217163085938,1646700,92.0,positive
CEG,2023-08-10,105.23621443751556,106.11011817063192,104.3821688811806,104.98794555664062,1563700,87.0,positive
CEG,2023-08-11,104.9899338752605,106.26148345142587,104.541850133268,106.10514831542967,1414100,82.0,positive
CEG,2023-08-14,106.00557798687282,107.1407113256255,105.26176489154138,106.54327392578124,2404000,93.0,positive
CEG,2023-08-15,105.93587552920336,106.13004287122462,105.1691656034044,105.78651428222656,1709600,69.0,positive
CEG,2023-08-16,105.94583647603244,105.9956184945126,104.55181081250004,104.65138244628906,1835200,82.0,positive
CEG,2023-08-17,105.02976795591223,105.6919227559877,104.12364859272874,104.3725814819336,1800600,78.0,positive
CEG,2023-08-18,104.08381860626776,105.08950960757844,104.06390731770024,104.32279205322266,1660800,75.0,positive
CEG,2023-08-21,104.1535172269718,106.00159775485338,103.83488343907796,105.65707397460938,1377000,72.0,positive
CEG,2023-08-22,105.20899723199948,106.09021416738584,105.05963598295526,105.80643463134766,1276900,90.0,positive
CEG,2023-08-23,106.49348165970348,108.7936266072522,106.49348165970348,107.97712707519533,1393500,73.0,negative
CEG,2023-08-24,108.43516722750589,109.77940329956334,106.38395507030536,106.46361541748048,1498700,73.0,negative
CEG,2023-08-25,106.36404035221584,106.98139662767304,105.11937595584708,105.41809844970705,1383800,66.0,negative
CEG,2023-08-28,105.85124123532394,106.89177886717526,104.78083287288608,104.92023468017578,1088000,72.0,negative
CEG,2023-08-29,104.7808337090115,105.71681619445008,104.35266884125396,105.08950805664062,1131500,65.0,negative
CEG,2023-08-30,104.89035637884191,105.81439664226971,104.64142349478716,105.28865051269533,1167400,78.0,negative
CEG,2023-08-31,105.49775346449208,105.63715527213466,103.32705840670646,103.71540069580078,2035500,73.0,positive
CEG,2023-09-01,105.17912086040754,106.95152940021744,104.75095599016154,106.83203887939452,1338800,66.0,positive
CEG,2023-09-05,106.09520159938396,106.27443358548064,104.70217106954246,105.59733581542967,1433200,82.0,negative
CEG,2023-09-06,105.8761324889264,107.32989957102376,105.53757982771003,106.18480682373048,1337800,77.0,negative
CEG,2023-09-07,107.39960815855537,110.48139859498026,106.72251038449352,108.0767059326172,1951100,71.0,negative
CEG,2023-09-08,107.76802356668009,109.19191991527674,107.76802356668009,108.17626953125,1428100,73.0,negative
CEG,2023-09-11,108.33559555054832,109.92577895556606,108.18623429885928,109.51055908203124,1820700,72.0,negative
CEG,2023-09-12,109.07243458440576,109.62506589693692,107.68836834163928,108.03687286376952,1557100,74.0,negative
CEG,2023-09-13,108.31567491387185,109.62008079075083,108.04683074264186,108.80358123779295,1894600,71.0,negative
CEG,2023-09-14,109.29149315952051,112.13928589875997,109.05749564586482,111.97996520996094,2308300,63.0,negative
CEG,2023-09-15,111.97996145567907,112.19902359701906,109.33131966623776,109.46076202392578,4287700,85.0,negative
CEG,2023-09-18,109.95862913478656,111.77086014914454,109.93871784752038,110.26730346679688,1358500,54.0,negative
CEG,2023-09-19,110.6158164454434,110.90457951231228,109.82919519049072,110.06816864013672,1972100,87.0,negative
CEG,2023-09-20,110.4565003826056,110.7054332683866,109.44085755122391,109.659912109375,924500,70.0,negative
CEG,2023-09-21,109.16204407536922,110.1677350401929,109.04256115464112,109.4707260131836,1443800,75.0,neutral
CEG,2023-09-22,108.99277138607408,110.26730651756712,108.15137703526676,109.88893127441406,1210500,63.0,neutral
CEG,2023-09-25,109.25166395912784,112.4380017951652,109.0276258857364,111.73103332519533,2115200,77.0,neutral
CEG,2023-09-26,111.18339137197808,111.23814931567726,107.4693092525856,108.02691650390624,2309700,69.0,negative
CEG,2023-09-27,108.51482598243165,110.81496339635376,108.51482598243165,110.27726745605467,2819500,71.0,negative
CEG,2023-09-28,110.29717834774176,110.5062886544638,108.37044026621616,108.8533706665039,1550700,51.0,negative
CEG,2023-09-29,109.57029648140887,110.23743477114492,108.17627084537918,108.61439514160156,2867500,61.0,positive
CEG,2023-10-02,107.83772787657315,107.83772787657315,102.3213742816514,104.28296661376952,2892500,73.0,positive
CEG,2023-10-03,102.769446783931,104.47214673036208,101.96788262582942,104.44227600097656,2557000,66.0,positive
CEG,2023-10-04,104.19334721587845,106.14498011288194,103.78011771722912,105.70686340332033,1973900,60.0,neutral
CEG,2023-10-05,106.52335762848486,108.0368661433728,106.15493424410548,107.41950988769533,1589200,67.0,negative
CEG,2023-10-06,106.0952017589434,110.10799876815705,104.68125715679682,109.69974517822266,2095800,69.0,negative
CEG,2023-10-09,109.6997448785274,111.0111246888944,109.50060160392184,110.90457916259766,1258400,66.0,negative
CEG,2023-10-10,110.48636883071498,113.00556836727816,110.48636883071498,112.51766204833984,1464400,89.0,negative
CEG,2023-10-11,113.42378227933295,114.68636761127443,112.82633728360372,114.57882690429688,1353300,62.0,neutral
CEG,2023-10-12,114.4195188159979,115.66418328351074,113.97143504959588,115.22605895996094,1299700,57.0,positive
CEG,2023-10-13,116.27156686782143,116.88892314837184,112.50770291764296,113.20471954345705,1699400,51.0,positive
CEG,2023-10-16,114.28010950621488,116.62008478464288,114.1207964045854,116.3313217163086,1701700,74.0,positive
CEG,2023-10-17,115.55464497656504,117.48635894350404,115.2160923122214,116.6499481201172,1214600,80.0,negative
CEG,2023-10-18,116.82918596771772,118.13856780562408,115.31566973957716,115.5745620727539,1050700,59.0,negative
CEG,2023-10-19,115.50486224533834,116.11225911144376,113.62293018374253,113.80216217041016,981000,74.0,negative
CEG,2023-10-20,113.62292828891194,114.30002604982823,111.442273753626,111.62150573730467,1654400,61.0,negative
CEG,2023-10-23,111.35265848510691,112.54753327874818,109.92776691310095,111.63146209716795,950800,49.0,negative
CEG,2023-10-24,112.7765584171498,114.80785170764688,112.7765584171498,113.78224182128906,1930900,64.0,negative
CEG,2023-10-25,113.7424175423906,113.7822401189163,111.1933396255057,111.5518035888672,1575000,68.0,negative
CEG,2023-10-26,111.52193315535024,112.54753543226845,110.6656034180182,112.23886108398438,1652700,63.0,negative
CEG,2023-10-27,112.51766172484648,112.87612567968078,109.42392164451178,110.30713653564452,1128700,62.0,negative
CEG,2023-10-30,111.38252708686876,112.74668198761653,111.02903905894247,112.54753112792967,1271600,82.0,negative
CEG,2023-10-31,112.63715440589982,113.02548909829235,110.69547334710836,112.43800354003906,1942000,72.0,negative
CEG,2023-11-01,113.10514779650724,114.88750825635232,112.34839725692176,114.35977172851562,2751300,70.0,neutral
CEG,2023-11-02,114.41951450132412,117.3967496682334,113.89177040566312,116.68978118896484,1894600,64.0,neutral
CEG,2023-11-03,118.1435472483874,118.16345853633128,116.35122746029025,116.5702896118164,1853200,60.0,neutral
CEG,2023-11-06,118.482096671373,125.08778254092825,117.55606601299448,124.19760131835938,2530800,100.0,positive
CEG,2023-11-07,123.90883796467784,124.44055521522802,118.15351075374213,119.35834503173828,2271500,84.0,negative
CEG,2023-11-08,119.9059845530223,120.96146510135056,118.45719340759896,120.6627426147461,1730200,72.0,negative
CEG,2023-11-09,121.07099844539168,123.8242032367938,120.00556596500378,120.11509704589844,1603200,62.0,negative
CEG,2023-11-10,120.93159508608012,122.20115434615512,120.8579134423008,121.25022888183594,1219700,59.0,negative
CEG,2023-11-13,120.86188679261322,121.7142357526514,120.3938993687266,121.200439453125,891600,74.0,negative
CEG,2023-11-14,123.52049945110086,126.16914137303452,122.85335355178525,125.97994995117188,1433300,73.0,negative
CEG,2023-11-15,126.03969561177082,126.69687445412367,121.17056916448534,121.4692840576172,1982200,70.0,neutral
CEG,2023-11-16,122.75875154334246,123.58712543406573,121.2716761160368,121.43135833740234,1474500,69.0,neutral
CEG,2023-11-17,121.96031868658494,123.27772938599064,121.36149702584244,121.45132446289062,1487900,66.0,neutral
CEG,2023-11-20,122.20982587060674,122.6090428411576,121.24173480614118,122.0401611328125,1041600,70.0,negative
CEG,2023-11-21,122.65894881093874,122.93839840825764,121.61100520656235,122.26971435546876,984700,74.0,negative
CEG,2023-11-22,122.65895063244136,123.59710177816793,121.73576184276078,123.00826263427734,1376700,54.0,negative
CEG,2023-11-24,122.82861399756231,124.05620486389152,122.80865657529418,123.6170654296875,532500,54.0,negative
CEG,2023-11-27,123.68693371972174,125.13408675764148,123.12803449643094,124.8546371459961,1073200,60.0,negative
CEG,2023-11-28,124.73487662147475,126.2518920531072,123.5172682228908,124.2059097290039,2003000,69.0,negative
CEG,2023-11-29,123.30768195722264,123.69691643326011,119.52511444636916,120.343505859375,2078800,82.0,negative
CEG,2023-11-30,120.35347509241302,121.62098842033951,120.27862524071402,120.80259704589844,2650000,81.0,neutral
CEG,2023-12-01,120.38342100404896,120.7027930576554,119.41532232499588,119.64486694335938,1454900,84.0,neutral
CEG,2023-12-04,118.766597237379,119.31552153088698,117.81846358251666,118.68675231933594,1946900,76.0,neutral
CEG,2023-12-05,118.47217905234984,118.70671874282226,115.65771038111156,118.07794952392578,1805900,72.0,neutral
CEG,2023-12-06,119.10592642708647,119.43528100238844,111.99989625604567,112.40908813476562,2629800,87.0,positive
CEG,2023-12-07,113.03785836809912,113.21750562766918,109.23532597627096,110.3132095336914,3497000,69.0,negative
CEG,2023-12-08,109.77426635267362,111.3910916681502,109.4349368747263,110.99187469482422,2627300,71.0,negative
CEG,2023-12-11,111.33121165351574,116.07189512179708,110.4529327903671,115.92218780517578,2582900,73.0,negative
CEG,2023-12-12,115.93217221223806,116.17169935407624,113.6266977733424,114.26544189453124,1846200,75.0,negative
CEG,2023-12-13,114.3652422408582,116.52100932308994,113.30732373629844,116.2016372680664,1731100,73.0,positive
CEG,2023-12-14,116.41122925256012,117.57893266290716,115.14372349861972,115.3732681274414,2456400,80.0,neutral
CEG,2023-12-15,115.44312897023404,120.6329345257345,115.38324908777288,118.51708984375,5714900,70.0,neutral
CEG,2023-12-18,119.33547983975744,121.30161717819962,118.67677829708468,119.12589263916016,2019800,75.0,neutral
CEG,2023-12-19,119.53508273973772,120.81257857557966,119.02109345712964,120.5730438232422,1012700,54.0,neutral
CEG,2023-12-20,119.59497095355177,119.88939052216786,116.77051980098764,116.78050231933594,1324300,78.0,negative
CEG,2023-12-21,117.2595581404999,118.19771690238952,116.58089155806648,118.07794952392578,904600,67.0,neutral
CEG,2023-12-22,114.77444333469565,117.74860182537024,113.79636211940706,115.10379791259766,1188400,58.0,neutral
CEG,2023-12-26,115.36328141038916,117.60886832445578,115.36328141038916,117.3394012451172,740700,65.0,negative
CEG,2023-12-27,117.0499724628136,117.52903436847464,116.65075547716782,117.189697265625,541300,69.0,positive
CEG,2023-12-28,118.47717041871589,118.54703282152028,116.72062021536613,116.88031005859376,559700,75.0,positive
CEG,2023-12-29,116.5010538610013,117.03998802619594,115.7026199027942,116.66073608398438,849900,60.0,positive
CEG,2024-01-02,116.17170228803664,117.00007620858484,114.7445066905542,115.02395629882812,1362800,69.0,positive
CEG,2024-01-03,115.27346022385308,116.93619292469586,115.27346022385308,115.62277221679688,1372400,63.0,positive
CEG,2024-01-04,115.9820669597056,116.87930574899794,114.77444114486948,115.13373565673828,1348900,68.0,positive
CEG,2024-01-05,114.88422775193366,117.43122429481984,114.88422775193366,116.0120086669922,1729900,58.0,positive
CEG,2024-01-08,115.96211201279554,116.93021071185916,114.80438353552302,116.80046081542967,1351700,57.0,positive
CEG,2024-01-09,116.2116230218236,116.70065982903716,114.94410967028789,116.2615203857422,1514000,72.0,positive
CEG,2024-01-10,115.79243695416524,116.20163644192108,114.73950590901516,115.62277221679688,1090500,62.0,positive
CEG,2024-01-11,114.77444230621094,115.06387442228,111.26134968336154,112.68854522705078,1609300,62.0,positive
CEG,2024-01-12,113.71652379635404,114.19557807407284,112.5188728731962,112.68854522705078,1556900,54.0,positive
CEG,2024-01-16,112.1496050601052,112.61368937419422,111.0817040166248,111.5906982421875,1417000,54.0,negative
CEG,2024-01-17,111.0118437304886,111.78033014991978,109.2253536116823,111.7004852294922,1484500,66.0,negative
CEG,2024-01-18,111.15156771342076,111.68052698209472,110.03376167897896,111.19149017333984,1614900,62.0,positive
CEG,2024-01-19,111.23140140614132,114.3852071074389,111.23140140614132,114.22551727294922,1684200,65.0,positive
CEG,2024-01-22,114.23550385947298,117.14478746072776,114.10576157515244,116.98011016845705,1876700,70.0,positive
CEG,2024-01-23,117.49909056071009,120.3235340798274,116.9302088495742,118.45720672607422,1929400,56.0,negative
CEG,2024-01-24,118.90632587722536,119.28557782853343,115.11377590642164,115.44313049316406,1514600,58.0,negative
CEG,2024-01-25,117.6687565804056,120.35347533053796,116.81044274521666,120.31356048583984,1425800,63.0,negative
CEG,2024-01-26,119.83449931577748,122.1699136951334,119.83449931577748,121.03214263916016,1558800,52.0,negative
CEG,2024-01-29,120.85249660687862,121.5032182338045,119.76962558416584,120.7726593017578,1801500,68.0,negative
CEG,2024-01-30,121.09202875694804,122.07010234987594,120.46325954706396,121.64094543457033,1285500,68.0,negative
CEG,2024-01-31,122.53918057540432,123.93643616663375,121.12695501402564,121.76071166992188,1666100,61.0,neutral
CEG,2024-02-01,121.760714373886,127.44953158984453,121.760714373886,127.37966918945312,1937400,67.0,positive
CEG,2024-02-02,126.76088806404005,132.80900731749966,126.182023833297,129.45559692382812,3781700,54.0,negative
CEG,2024-02-05,127.64914198927195,128.1681187252597,125.60315975697834,126.78084564208984,1878000,83.0,negative
CEG,2024-02-06,127.5094185395314,131.23708584767093,126.94053682037452,130.75303649902344,2656900,70.0,negative
CEG,2024-02-07,131.701193366936,133.53758091741892,130.55343972623768,132.24012756347656,2087600,67.0,neutral
CEG,2024-02-08,132.2900202644376,133.70723325742327,129.91468350904137,130.46360778808594,1228700,71.0,negative
CEG,2024-02-09,129.76498959465496,132.25009608778635,129.74502455756496,131.9107666015625,1245300,60.0,negative
CEG,2024-02-12,131.56145511739493,131.93072452491205,127.70901791082508,128.2579345703125,1206900,64.0,negative
CEG,2024-02-13,127.65912628173828,128.5573549674914,126.48144038025984,127.65912628173828,1503700,50.0,negative
CEG,2024-02-14,128.04836362423305,129.1811320253702,127.43955943009914,128.41763305664062,1372300,57.0,negative
CEG,2024-02-15,129.6651778154787,131.36184045161076,128.5773193567138,131.24208068847656,1348900,66.0,negative
CEG,2024-02-16,131.00255046708318,132.39981374373627,130.23407165522863,130.9027557373047,1295700,67.0,negative
CEG,2024-02-20,130.74306989926075,131.80098848625516,129.1362269806573,131.54150390625,2121200,61.0,negative
CEG,2024-02-21,132.03052674148194,132.3209563550786,129.8847497284782,131.14227294921875,983400,61.0,negative
CEG,2024-02-22,132.14030846669488,133.79705624674745,131.39177949449942,133.1283721923828,1529900,61.0,positive
CEG,2024-02-23,133.22818404722574,133.88687797821893,131.0923819585845,133.72720336914062,2052200,75.0,positive
CEG,2024-02-26,134.4158376126535,134.9348219729605,132.66926998112402,132.95870971679688,1494700,70.0,positive
CEG,2024-02-27,134.7352209130058,156.3627171387634,134.7352209130058,155.45449829101562,4888300,100.0,negative
CEG,2024-02-28,158.16916556508693,170.6446490511079,156.19305324498248,170.4949493408203,8227500,89.0,negative
CEG,2024-02-29,170.84425499675172,170.97001493740692,163.04957529401577,168.11961364746094,4536900,95.0,negative
CEG,2024-03-01,166.71237465860676,169.9759654112233,164.72628742887483,169.65660095214844,4554500,77.0,negative
CEG,2024-03-04,172.62076538476498,176.68776969119895,169.2873048399429,175.6448211669922,3818200,79.0,negative
CEG,2024-03-05,177.0420731488797,185.2160120197852,175.07593581634043,176.4232940673828,4323800,81.0,positive
CEG,2024-03-06,176.4233032392804,180.45537284032807,174.6667454009587,179.6269989013672,2073600,79.0,negative
CEG,2024-03-07,181.75,182.0500030517578,176.2100067138672,179.5800018310547,1967800,91.0,negative
CEG,2024-03-08,179.5800018310547,179.8300018310547,168.4600067138672,170.57000732421875,3196900,74.0,negative
CEG,2024-03-11,170.30999755859375,170.9600067138672,166.39999389648438,167.91000366210938,2601700,80.0,negative
CEG,2024-03-12,166.57000732421875,169.05999755859375,164.1999969482422,168.3699951171875,2617000,83.0,negative
CEG,2024-03-13,171.24000549316406,171.30999755859375,166.44000244140625,167.86000061035156,1639000,70.0,negative
CEG,2024-03-14,167.85000610351562,168.38999938964844,163.27000427246094,164.63999938964844,3012300,64.0,positive
CEG,2024-03-15,164.17999267578125,168.38999938964844,162.6699981689453,165.52000427246094,4530900,73.0,positive
CEG,2024-03-18,167.69000244140625,171.0800018310547,166.19000244140625,168.83999633789062,2006800,77.0,negative
CEG,2024-03-19,169.0,174.00999450683594,168.25999450683594,172.41000366210938,1922200,80.0,negative
CEG,2024-03-20,172.9199981689453,176.77000427246094,172.6510009765625,175.7100067138672,1969200,71.0,negative
CEG,2024-03-21,177.4600067138672,177.80999755859375,172.3699951171875,174.1300048828125,2212100,70.0,negative
CEG,2024-03-22,175.0,178.3699951171875,174.21499633789062,178.24000549316406,1608100,63.0,negative
CEG,2024-03-25,180.0,189.0500030517578,179.5399932861328,187.25999450683597,3570600,80.0,negative
CEG,2024-03-26,189.8999938964844,198.8300018310547,184.47999572753903,185.41000366210935,4228700,65.0,negative
CEG,2024-03-27,188.0800018310547,190.1199951171875,182.33999633789065,184.88999938964844,2452100,67.0,negative
CEG,2024-03-28,185.02999877929688,186.8300018310547,183.3350067138672,184.8500061035156,2050800,79.0,negative
